datetime,timelinux,s1
2022-12-14 14:34:36,1.671028476,100.0
2022-12-14 15:04:35,1.671030275,104.0
2022-12-14 15:34:35,1.671032075,101.0
2022-12-14 16:04:40,1.67103388,102.0
2022-12-14 16:34:35,1.671035675,97.0
2022-12-14 17:04:39,1.671037479,101.0
2022-12-14 17:34:38,1.671039278,95.0
2022-12-14 18:04:37,1.671041077,95.0
2022-12-14 18:34:35,1.671042875,88.0
2022-12-14 19:04:37,1.671044677,102.0
2022-12-14 19:34:33,1.671046473,3.0
2022-12-14 20:04:32,1.671048272,105.0
2022-12-14 20:34:28,1.671050068,119.0
2022-12-14 21:04:27,1.671051867,108.0
2022-12-14 21:34:29,1.671053669,102.0
2022-12-14 22:04:26,1.671055466,105.0
2022-12-14 22:34:26,1.671057266,105.0
2022-12-14 23:04:27,1.671059067,105.0
2022-12-14 23:34:27,1.671060867,107.0
2022-12-15 00:04:27,1.671062667,106.0
2022-12-15 00:34:26,1.671064466,104.0
2022-12-15 01:04:25,1.671066265,109.0
2022-12-15 01:34:25,1.671068065,106.0
2022-12-15 02:04:23,1.671069863,105.0
2022-12-15 02:34:22,1.671071662,105.0
2022-12-15 03:04:25,1.671073465,108.0
2022-12-15 03:34:24,1.671075264,103.0
2022-12-15 04:04:27,1.671077067,107.0
2022-12-15 04:34:30,1.67107887,95.0
2022-12-15 05:04:29,1.671080669,116.0
2022-12-15 05:34:27,1.671082467,92.0
2022-12-15 06:04:29,1.671084269,104.0
2022-12-15 06:34:25,1.671086065,107.0
2022-12-15 07:04:26,1.671087866,98.0
2022-12-15 07:34:26,1.671089666,96.0
2022-12-15 08:04:27,1.671091467,107.0
2022-12-15 08:34:28,1.671093268,94.0
2022-12-15 09:04:25,1.671095065,93.0
2022-12-15 09:34:28,1.671096868,90.0
2022-12-15 10:04:27,1.671098667,97.0
2022-12-15 10:34:31,1.671100471,95.0
2022-12-15 11:04:27,1.671102267,94.0
2022-12-15 11:34:35,1.671104075,94.0
2022-12-15 12:04:34,1.671105874,101.0
2022-12-15 12:34:34,1.671107674,103.0
2022-12-15 13:04:35,1.671109475,3.0
2022-12-15 13:34:32,1.671111272,3.0
2022-12-15 14:04:34,1.671113074,97.0
2022-12-15 14:34:38,1.671114878,102.0
2022-12-15 15:04:36,1.671116676,97.0
2022-12-15 15:34:34,1.671118474,97.0
2022-12-15 16:04:36,1.671120276,96.0
2022-12-15 16:34:35,1.671122075,96.0
2022-12-15 17:04:37,1.671123877,92.0
2022-12-15 17:34:34,1.671125674,103.0
2022-12-15 18:04:34,1.671127474,96.0
2022-12-15 18:34:35,1.671129275,96.0
2022-12-15 19:04:35,1.671131075,102.0
2022-12-15 19:34:30,1.67113287,99.0
2022-12-15 20:04:32,1.671134672,102.0
2022-12-15 20:34:27,1.671136467,105.0
2022-12-15 21:04:27,1.671138267,135.0
2022-12-15 21:34:30,1.67114007,95.0
2022-12-15 22:04:29,1.671141869,105.0
2022-12-15 22:34:28,1.671143668,113.0
2022-12-15 23:04:27,1.671145467,103.0
2022-12-15 23:34:26,1.671147266,105.0
2022-12-16 00:04:28,1.671149068,102.0
2022-12-16 00:34:26,1.671150866,104.0
2022-12-16 01:04:28,1.671152668,102.0
2022-12-16 01:34:24,1.671154464,118.0
2022-12-16 02:04:25,1.671156265,3.0
2022-12-16 02:34:24,1.671158064,122.0
2022-12-16 03:04:24,1.671159864,76.0
2022-12-16 03:34:22,1.671161662,110.0
2022-12-16 04:04:25,1.671163465,109.0
2022-12-16 04:34:23,1.671165263,108.0
2022-12-16 05:04:24,1.671167064,108.0
2022-12-16 05:34:21,1.671168861,110.0
2022-12-16 06:04:22,1.671170662,106.0
2022-12-16 06:34:23,1.671172463,104.0
2022-12-16 07:04:25,1.671174265,107.0
2022-12-16 07:34:25,1.671176065,104.0
2022-12-16 08:04:25,1.671177865,92.0
2022-12-16 08:34:27,1.671179667,96.0
2022-12-16 09:04:29,1.671181469,95.0
2022-12-16 09:34:29,1.671183269,96.0
2022-12-16 10:04:29,1.671185069,100.0
2022-12-16 10:34:30,1.67118687,98.0
2022-12-16 11:04:32,1.671188672,94.0
2022-12-16 11:34:30,1.67119047,119.0
2022-12-16 12:04:33,1.671192273,98.0
2022-12-16 12:34:32,1.671194072,96.0
2022-12-16 13:04:31,1.671195871,3.0
2022-12-16 13:34:35,1.671197675,2.0
2022-12-16 14:04:34,1.671199474,111.0
2022-12-16 14:34:34,1.671201274,91.0
2022-12-16 15:04:35,1.671203075,96.0
2022-12-16 15:34:35,1.671204875,91.0
2022-12-16 16:04:31,1.671206671,107.0
2022-12-16 16:34:36,1.671208476,117.0
2022-12-16 17:04:32,1.671210272,117.0
2022-12-16 17:34:31,1.671212071,90.0
2022-12-16 18:04:31,1.671213871,94.0
2022-12-16 18:34:35,1.671215675,95.0
2022-12-16 19:04:32,1.671217472,107.0
2022-12-16 19:34:29,1.671219269,98.0
2022-12-16 20:04:29,1.671221069,106.0
2022-12-16 20:34:27,1.671222867,106.0
2022-12-16 21:04:24,1.671224664,99.0
2022-12-16 21:34:25,1.671226465,113.0
2022-12-16 22:04:26,1.671228266,100.0
2022-12-16 22:34:26,1.671230066,118.0
2022-12-16 23:04:25,1.671231865,110.0
2022-12-16 23:34:23,1.671233663,101.0
2022-12-17 00:04:21,1.671235461,103.0
2022-12-17 00:34:23,1.671237263,103.0
2022-12-17 01:04:20,1.67123906,106.0
2022-12-17 01:34:22,1.671240862,102.0
2022-12-17 02:04:23,1.671242663,103.0
2022-12-17 02:34:21,1.671244461,118.0
2022-12-17 03:04:23,1.671246263,109.0
2022-12-17 03:34:25,1.671248065,86.0
2022-12-17 04:04:22,1.671249862,108.0
2022-12-17 04:34:23,1.671251663,108.0
2022-12-17 05:04:20,1.67125346,108.0
2022-12-17 05:34:22,1.671255262,107.0
2022-12-17 06:04:24,1.671257064,103.0
2022-12-17 06:34:21,1.671258861,102.0
2022-12-17 07:04:23,1.671260663,97.0
2022-12-17 07:34:26,1.671262466,109.0
2022-12-17 08:04:24,1.671264264,95.0
2022-12-17 08:34:24,1.671266064,97.0
2022-12-17 09:04:25,1.671267865,107.0
2022-12-17 09:34:27,1.671269667,100.0
2022-12-17 10:04:30,1.67127147,109.0
2022-12-17 10:34:30,1.67127327,96.0
2022-12-17 11:04:31,1.671275071,94.0
2022-12-17 11:34:28,1.671276868,2.0
2022-12-17 12:04:31,1.671278671,102.0
2022-12-17 12:34:33,1.671280473,103.0
2022-12-17 13:04:31,1.671282271,102.0
2022-12-17 13:34:29,1.671284069,95.0
2022-12-17 14:04:32,1.671285872,98.0
2022-12-17 14:34:31,1.671287671,94.0
2022-12-17 15:04:34,1.671289474,92.0
2022-12-17 15:34:33,1.671291273,100.0
2022-12-17 16:04:32,1.671293072,93.0
2022-12-17 16:34:31,1.671294871,97.0
2022-12-17 17:04:35,1.671296675,98.0
2022-12-17 17:34:34,1.671298474,97.0
2022-12-17 18:04:32,1.671300272,2.0
2022-12-17 18:34:30,1.67130207,88.0
2022-12-17 19:04:33,1.671303873,105.0
2022-12-17 19:34:29,1.671305669,88.0
2022-12-17 20:04:28,1.671307468,2.0
2022-12-17 20:34:24,1.671309264,91.0
2022-12-17 21:04:24,1.671311064,104.0
2022-12-17 21:34:24,1.671312864,100.0
2022-12-17 22:04:22,1.671314662,100.0
2022-12-17 22:34:25,1.671316465,96.0
2022-12-17 23:04:22,1.671318262,99.0
2022-12-17 23:34:24,1.671320064,112.0
2022-12-18 00:04:21,1.671321861,167.0
2022-12-18 00:34:22,1.671323662,124.0
2022-12-18 01:04:23,1.671325463,133.0
2022-12-18 01:34:23,1.671327263,101.0
2022-12-18 02:04:23,1.671329063,139.0
2022-12-18 02:34:23,1.671330863,3.0
2022-12-18 03:04:18,1.671332658,65.0
2022-12-18 03:34:23,1.671334463,78.0
2022-12-18 04:04:23,1.671336263,101.0
2022-12-18 04:34:22,1.671338062,105.0
2022-12-18 05:04:21,1.671339861,111.0
2022-12-18 05:34:21,1.671341661,107.0
2022-12-18 06:04:21,1.671343461,96.0
2022-12-18 06:34:22,1.671345262,93.0
2022-12-18 07:04:24,1.671347064,102.0
2022-12-18 07:34:24,1.671348864,95.0
2022-12-18 08:04:26,1.671350666,96.0
2022-12-18 08:34:29,1.671352469,95.0
2022-12-18 09:04:28,1.671354268,96.0
2022-12-18 09:34:29,1.671356069,96.0
2022-12-18 10:04:30,1.67135787,98.0
2022-12-18 10:34:32,1.671359672,96.0
2022-12-18 11:04:31,1.671361471,103.0
2022-12-18 11:34:35,1.671363275,101.0
2022-12-18 12:04:35,1.671365075,94.0
2022-12-18 12:34:35,1.671366875,93.0
2022-12-18 13:04:34,1.671368674,96.0
2022-12-18 13:34:34,1.671370474,106.0
2022-12-18 14:04:35,1.671372275,108.0
2022-12-18 14:34:32,1.671374072,3.0
2022-12-18 15:04:33,1.671375873,95.0
2022-12-18 15:34:34,1.671377674,3.0
2022-12-18 16:04:35,1.671379475,103.0
2022-12-18 16:34:36,1.671381276,97.0
2022-12-18 17:04:32,1.671383072,95.0
2022-12-18 17:34:32,1.671384872,94.0
2022-12-18 18:04:31,1.671386671,95.0
2022-12-18 18:34:36,1.671388476,105.0
2022-12-18 19:04:30,1.67139027,108.0
2022-12-18 19:34:34,1.671392074,89.0
2022-12-18 20:04:30,1.67139387,106.0
2022-12-18 20:34:29,1.671395669,103.0
2022-12-18 21:04:26,1.671397466,93.0
2022-12-18 21:34:27,1.671399267,104.0
2022-12-18 22:04:23,1.671401063,113.0
2022-12-18 22:34:28,1.671402868,113.0
2022-12-18 23:04:23,1.671404663,103.0
2022-12-18 23:34:23,1.671406463,99.0
2022-12-19 00:04:26,1.671408266,99.0
2022-12-19 00:34:25,1.671410065,101.0
2022-12-19 01:04:23,1.671411863,105.0
2022-12-19 01:34:21,1.671413661,100.0
2022-12-19 02:04:24,1.671415464,108.0
2022-12-19 02:34:21,1.671417261,108.0
2022-12-19 03:04:23,1.671419063,69.0
2022-12-19 03:34:25,1.671420865,108.0
2022-12-19 04:04:21,1.671422661,98.0
2022-12-19 04:34:22,1.671424462,109.0
2022-12-19 05:04:23,1.671426263,97.0
2022-12-19 05:34:20,1.67142806,102.0
2022-12-19 06:04:21,1.671429861,99.0
2022-12-19 06:34:23,1.671431663,94.0
2022-12-19 07:04:26,1.671433466,96.0
2022-12-19 07:34:27,1.671435267,102.0
2022-12-19 08:04:29,1.671437069,96.0
2022-12-19 08:34:29,1.671438869,105.0
2022-12-19 09:04:29,1.671440669,104.0
2022-12-19 09:34:31,1.671442471,97.0
2022-12-19 10:04:34,1.671444274,102.0
2022-12-19 10:34:33,1.671446073,113.0
2022-12-19 11:04:34,1.671447874,3.0
2022-12-19 11:34:36,1.671449676,98.0
2022-12-19 12:04:34,1.671451474,116.0
2022-12-19 12:34:37,1.671453277,3.0
2022-12-19 13:04:35,1.671455075,101.0
2022-12-19 13:34:38,1.671456878,94.0
2022-12-19 14:04:37,1.671458677,106.0
2022-12-19 14:34:36,1.671460476,96.0
2022-12-19 15:04:36,1.671462276,98.0
2022-12-19 15:34:35,1.671464075,93.0
2022-12-19 16:04:40,1.67146588,3.0
2022-12-19 16:34:35,1.671467675,96.0
2022-12-19 17:04:39,1.671469479,96.0
2022-12-19 17:34:37,1.671471277,93.0
2022-12-19 18:04:35,1.671473075,97.0
2022-12-19 18:34:38,1.671474878,100.0
2022-12-19 19:04:35,1.671476675,101.0
2022-12-19 19:34:36,1.671478476,3.0
2022-12-19 20:04:30,1.67148027,93.0
2022-12-19 20:34:31,1.671482071,95.0
2022-12-19 21:04:26,1.671483866,138.0
2022-12-19 21:34:30,1.67148567,101.0
2022-12-19 22:04:28,1.671487468,93.0
2022-12-19 22:34:25,1.671489265,117.0
2022-12-19 23:04:27,1.671491067,103.0
2022-12-19 23:34:24,1.671492864,104.0
2022-12-20 00:04:25,1.671494665,3.0
2022-12-20 00:34:25,1.671496465,112.0
2022-12-20 01:04:26,1.671498266,99.0
2022-12-20 01:34:26,1.671500066,98.0
2022-12-20 02:04:26,1.671501866,3.0
2022-12-20 02:34:26,1.671503666,98.0
2022-12-20 03:04:25,1.671505465,101.0
2022-12-20 03:34:25,1.671507265,3.0
2022-12-20 04:04:25,1.671509065,159.0
2022-12-20 04:34:24,1.671510864,102.0
2022-12-20 05:04:24,1.671512664,98.0
2022-12-20 05:34:23,1.671514463,106.0
2022-12-20 06:04:22,1.671516262,102.0
2022-12-20 06:34:26,1.671518066,96.0
2022-12-20 07:04:27,1.671519867,106.0
2022-12-20 07:34:30,1.67152167,95.0
2022-12-20 08:04:29,1.671523469,94.0
2022-12-20 08:34:29,1.671525269,104.0
2022-12-20 09:04:31,1.671527071,92.0
2022-12-20 09:34:30,1.67152887,100.0
2022-12-20 10:04:35,1.671530675,94.0
2022-12-20 10:34:36,1.671532476,106.0
2022-12-20 11:04:33,1.671534273,95.0
2022-12-20 11:34:36,1.671536076,94.0
2022-12-20 12:04:34,1.671537874,3.0
2022-12-20 12:34:38,1.671539678,3.0
2022-12-20 13:04:38,1.671541478,99.0
2022-12-20 13:34:38,1.671543278,3.0
2022-12-20 14:04:38,1.671545078,2.0
2022-12-20 14:34:39,1.671546879,3.0
2022-12-20 15:04:39,1.671548679,3.0
2022-12-20 15:34:35,1.671550475,95.0
2022-12-20 16:04:36,1.671552276,3.0
2022-12-20 16:34:37,1.671554077,3.0
2022-12-20 17:04:37,1.671555877,97.0
2022-12-20 17:34:38,1.671557678,100.0
2022-12-20 18:04:37,1.671559477,3.0
2022-12-20 18:34:36,1.671561276,94.0
2022-12-20 19:04:35,1.671563075,106.0
2022-12-20 19:34:37,1.671564877,96.0
2022-12-20 20:04:32,1.671566672,98.0
2022-12-20 20:34:29,1.671568469,107.0
2022-12-20 21:04:29,1.671570269,103.0
2022-12-20 21:34:28,1.671572068,93.0
2022-12-20 22:04:27,1.671573867,96.0
2022-12-20 22:34:29,1.671575669,72.0
2022-12-20 23:04:27,1.671577467,93.0
2022-12-20 23:34:29,1.671579269,124.0
2022-12-21 00:04:25,1.671581065,108.0
2022-12-21 00:34:26,1.671582866,111.0
2022-12-21 01:04:27,1.671584667,101.0
2022-12-21 01:34:24,1.671586464,140.0
2022-12-21 02:04:24,1.671588264,87.0
2022-12-21 02:34:25,1.671590065,160.0
2022-12-21 03:04:25,1.671591865,98.0
2022-12-21 03:34:25,1.671593665,91.0
2022-12-21 04:04:24,1.671595464,105.0
2022-12-21 04:34:24,1.671597264,109.0
2022-12-21 05:04:23,1.671599063,95.0
2022-12-21 05:34:28,1.671600868,111.0
2022-12-21 06:04:23,1.671602663,98.0
2022-12-21 06:34:27,1.671604467,95.0
2022-12-21 07:04:28,1.671606268,94.0
2022-12-21 07:34:26,1.671608066,99.0
2022-12-21 08:04:31,1.671609871,95.0
2022-12-21 08:34:31,1.671611671,95.0
2022-12-21 09:04:29,1.671613469,95.0
2022-12-21 09:34:32,1.671615272,92.0
2022-12-21 10:04:32,1.671617072,94.0
2022-12-21 10:34:33,1.671618873,94.0
2022-12-21 11:04:35,1.671620675,104.0
2022-12-21 11:34:38,1.671622478,104.0
2022-12-21 12:04:38,1.671624278,94.0
2022-12-21 12:34:37,1.671626077,94.0
2022-12-21 13:04:38,1.671627878,103.0
2022-12-21 13:34:38,1.671629678,3.0
2022-12-21 14:04:38,1.671631478,98.0
2022-12-21 14:34:38,1.671633278,2.0
2022-12-21 15:04:39,1.671635079,99.0
2022-12-21 15:34:40,1.67163688,93.0
2022-12-21 16:04:35,1.671638675,96.0
2022-12-21 16:34:36,1.671640476,92.0
2022-12-21 17:04:36,1.671642276,92.0
2022-12-21 17:34:36,1.671644076,96.0
2022-12-21 18:04:34,1.671645874,98.0
2022-12-21 18:34:37,1.671647677,97.0
2022-12-21 19:04:35,1.671649475,98.0
2022-12-21 19:34:36,1.671651276,98.0
2022-12-21 20:04:32,1.671653072,95.0
2022-12-21 20:34:30,1.67165487,98.0
2022-12-21 21:04:32,1.671656672,101.0
2022-12-21 21:34:27,1.671658467,105.0
2022-12-21 22:04:31,1.671660271,102.0
2022-12-21 22:34:29,1.671662069,105.0
2022-12-21 23:04:27,1.671663867,3.0
2022-12-21 23:34:25,1.671665665,97.0
2022-12-22 00:04:27,1.671667467,99.0
2022-12-22 00:34:25,1.671669265,101.0
2022-12-22 01:04:27,1.671671067,105.0
2022-12-22 01:34:28,1.671672868,105.0
2022-12-22 02:04:25,1.671674665,105.0
2022-12-22 02:34:26,1.671676466,101.0
2022-12-22 03:04:26,1.671678266,107.0
2022-12-22 03:34:27,1.671680067,108.0
2022-12-22 04:04:27,1.671681867,108.0
2022-12-22 04:34:27,1.671683667,102.0
2022-12-22 05:04:27,1.671685467,95.0
2022-12-22 05:34:26,1.671687266,93.0
2022-12-22 06:04:26,1.671689066,95.0
2022-12-22 06:34:26,1.671690866,94.0
2022-12-22 07:04:27,1.671692667,93.0
2022-12-22 07:34:26,1.671694466,102.0
2022-12-22 08:04:31,1.671696271,96.0
2022-12-22 08:34:28,1.671698068,102.0
2022-12-22 09:04:31,1.671699871,100.0
2022-12-22 09:34:35,1.671701675,105.0
2022-12-22 10:04:35,1.671703475,98.0
2022-12-22 10:34:36,1.671705276,104.0
2022-12-22 11:04:34,1.671707074,91.0
2022-12-22 11:34:38,1.671708878,101.0
2022-12-22 12:04:38,1.671710678,96.0
2022-12-22 12:34:38,1.671712478,93.0
2022-12-22 13:04:39,1.671714279,96.0
2022-12-22 13:34:41,1.671716081,94.0
2022-12-22 14:04:35,1.671717875,100.0
2022-12-22 14:34:34,1.671719674,99.0
2022-12-22 15:04:35,1.671721475,99.0
2022-12-22 15:34:32,1.671723272,92.0
2022-12-22 16:04:34,1.671725074,93.0
2022-12-22 16:34:37,1.671726877,94.0
2022-12-22 17:04:38,1.671728678,94.0
2022-12-22 17:34:38,1.671730478,102.0
2022-12-22 18:04:37,1.671732277,93.0
2022-12-22 18:34:34,1.671734074,90.0
2022-12-22 19:04:36,1.671735876,100.0
2022-12-22 19:34:33,1.671737673,109.0
2022-12-22 20:04:33,1.671739473,95.0
2022-12-22 20:34:32,1.671741272,102.0
2022-12-22 21:04:29,1.671743069,94.0
2022-12-22 21:34:31,1.671744871,99.0
2022-12-22 22:04:31,1.671746671,96.0
2022-12-22 22:34:31,1.671748471,104.0
2022-12-22 23:04:30,1.67175027,108.0
2022-12-22 23:34:29,1.671752069,104.0
2022-12-23 00:04:28,1.671753868,86.0
2022-12-23 00:34:26,1.671755666,106.0
2022-12-23 01:04:29,1.671757469,105.0
2022-12-23 01:34:26,1.671759266,107.0
2022-12-23 02:04:28,1.671761068,102.0
2022-12-23 02:34:25,1.671762865,99.0
2022-12-23 03:04:26,1.671764666,98.0
2022-12-23 03:34:26,1.671766466,92.0
2022-12-23 04:04:28,1.671768268,102.0
2022-12-23 04:34:24,1.671770064,93.0
2022-12-23 05:04:25,1.671771865,100.0
2022-12-23 05:34:27,1.671773667,92.0
2022-12-23 06:04:28,1.671775468,93.0
2022-12-23 06:34:25,1.671777265,93.0
2022-12-23 07:04:28,1.671779068,97.0
2022-12-23 07:34:28,1.671780868,111.0
2022-12-23 08:04:28,1.671782668,91.0
2022-12-23 08:34:28,1.671784468,90.0
2022-12-23 09:04:30,1.67178627,88.0
2022-12-23 09:34:33,1.671788073,95.0
2022-12-23 10:04:33,1.671789873,95.0
2022-12-23 10:34:33,1.671791673,96.0
2022-12-23 11:04:31,1.671793471,105.0
2022-12-23 11:34:32,1.671795272,97.0
2022-12-23 12:04:27,1.671797067,91.0
2022-12-23 12:34:33,1.671798873,101.0
2022-12-23 13:04:31,1.671800671,90.0
2022-12-23 13:34:35,1.671802475,94.0
2022-12-23 14:04:30,1.67180427,97.0
2022-12-23 14:34:32,1.671806072,104.0
2022-12-23 15:04:30,1.67180787,91.0
2022-12-23 15:34:33,1.671809673,95.0
2022-12-23 16:04:30,1.67181147,91.0
2022-12-23 16:34:31,1.671813271,90.0
2022-12-23 17:04:26,1.671815066,91.0
2022-12-23 17:34:29,1.671816869,87.0
2022-12-23 18:04:27,1.671818667,92.0
2022-12-23 18:34:28,1.671820468,100.0
2022-12-23 19:04:25,1.671822265,100.0
2022-12-23 19:34:27,1.671824067,99.0
2022-12-23 20:04:28,1.671825868,94.0
2022-12-23 20:34:25,1.671827665,98.0
2022-12-23 21:04:26,1.671829466,96.0
2022-12-23 21:34:28,1.671831268,102.0
2022-12-23 22:04:24,1.671833064,102.0
2022-12-23 22:34:25,1.671834865,108.0
2022-12-23 23:04:26,1.671836666,99.0
2022-12-23 23:34:27,1.671838467,102.0
2022-12-24 00:04:28,1.671840268,95.0
2022-12-24 00:34:24,1.671842064,102.0
2022-12-24 01:04:25,1.671843865,105.0
2022-12-24 01:34:26,1.671845666,107.0
2022-12-24 02:04:26,1.671847466,103.0
2022-12-24 02:34:27,1.671849267,101.0
2022-12-24 03:04:28,1.671851068,96.0
2022-12-24 03:34:24,1.671852864,103.0
2022-12-24 04:04:24,1.671854664,108.0
2022-12-24 04:34:25,1.671856465,98.0
2022-12-24 05:04:25,1.671858265,104.0
2022-12-24 05:34:26,1.671860066,105.0
2022-12-24 06:04:26,1.671861866,102.0
2022-12-24 06:34:25,1.671863665,102.0
2022-12-24 07:04:25,1.671865465,90.0
2022-12-24 07:34:25,1.671867265,95.0
2022-12-24 08:04:27,1.671869067,91.0
2022-12-24 08:34:30,1.67187087,91.0
2022-12-24 09:04:29,1.671872669,93.0
2022-12-24 09:34:30,1.67187447,93.0
2022-12-24 10:04:31,1.671876271,99.0
2022-12-24 10:34:32,1.671878072,102.0
2022-12-24 11:04:28,1.671879868,100.0
2022-12-24 11:34:29,1.671881669,95.0
2022-12-24 12:04:29,1.671883469,95.0
2022-12-24 12:34:30,1.67188527,97.0
2022-12-24 13:04:31,1.671887071,94.0
2022-12-24 13:34:32,1.671888872,93.0
2022-12-24 14:04:29,1.671890669,91.0
2022-12-24 14:34:30,1.67189247,92.0
2022-12-24 15:04:32,1.671894272,92.0
2022-12-24 15:34:30,1.67189607,89.0
2022-12-24 16:04:32,1.671897872,93.0
2022-12-24 16:34:30,1.67189967,98.0
2022-12-24 17:04:33,1.671901473,3.0
2022-12-24 17:34:30,1.67190327,92.0
2022-12-24 18:04:31,1.671905071,88.0
2022-12-24 18:34:28,1.671906868,92.0
2022-12-24 19:04:29,1.671908669,94.0
2022-12-24 19:34:28,1.671910468,96.0
2022-12-24 20:04:26,1.671912266,92.0
2022-12-24 20:34:27,1.671914067,106.0
2022-12-24 21:04:24,1.671915864,98.0
2022-12-24 21:34:24,1.671917664,94.0
2022-12-24 22:04:25,1.671919465,95.0
2022-12-24 22:34:24,1.671921264,102.0
2022-12-24 23:04:23,1.671923063,98.0
2022-12-24 23:34:26,1.671924866,92.0
2022-12-25 00:04:25,1.671926665,125.0
2022-12-25 00:34:23,1.671928463,107.0
2022-12-25 01:04:21,1.671930261,95.0
2022-12-25 01:34:23,1.671932063,109.0
2022-12-25 02:04:20,1.67193386,100.0
2022-12-25 02:34:23,1.671935663,95.0
2022-12-25 03:04:25,1.671937465,108.0
2022-12-25 03:34:23,1.671939263,95.0
2022-12-25 04:04:26,1.671941066,96.0
2022-12-25 04:34:23,1.671942863,110.0
2022-12-25 05:04:21,1.671944661,93.0
2022-12-25 05:34:23,1.671946463,98.0
2022-12-25 06:04:25,1.671948265,95.0
2022-12-25 06:34:22,1.671950062,91.0
2022-12-25 07:04:24,1.671951864,95.0
2022-12-25 07:34:22,1.671953662,93.0
2022-12-25 08:04:27,1.671955467,93.0
2022-12-25 08:34:28,1.671957268,126.0
2022-12-25 09:04:26,1.671959066,94.0
2022-12-25 09:34:30,1.67196087,91.0
2022-12-25 10:04:29,1.671962669,96.0
2022-12-25 10:34:29,1.671964469,93.0
2022-12-25 11:04:29,1.671966269,106.0
2022-12-25 11:34:29,1.671968069,92.0
2022-12-25 12:04:30,1.67196987,99.0
2022-12-25 12:34:32,1.671971672,104.0
2022-12-25 13:04:29,1.671973469,90.0
2022-12-25 13:34:30,1.67197527,105.0
2022-12-25 14:04:33,1.671977073,94.0
2022-12-25 14:34:31,1.671978871,93.0
2022-12-25 15:04:34,1.671980674,116.0
2022-12-25 15:34:32,1.671982472,90.0
2022-12-25 16:04:29,1.671984269,91.0
2022-12-25 16:34:30,1.67198607,95.0
2022-12-25 17:04:33,1.671987873,99.0
2022-12-25 17:34:30,1.67198967,99.0
2022-12-25 18:04:30,1.67199147,93.0
2022-12-25 18:34:31,1.671993271,87.0
2022-12-25 19:04:30,1.67199507,91.0
2022-12-25 19:34:28,1.671996868,93.0
2022-12-25 20:04:25,1.671998665,93.0
2022-12-25 20:34:27,1.672000467,106.0
2022-12-25 21:04:27,1.672002267,97.0
2022-12-25 21:34:26,1.672004066,104.0
2022-12-25 22:04:25,1.672005865,110.0
2022-12-25 22:34:23,1.672007663,109.0
2022-12-25 23:04:21,1.672009461,99.0
2022-12-25 23:34:24,1.672011264,106.0
2022-12-26 00:04:22,1.672013062,109.0
2022-12-26 00:34:24,1.672014864,109.0
2022-12-26 01:04:23,1.672016663,107.0
2022-12-26 01:34:25,1.672018465,111.0
2022-12-26 02:04:23,1.672020263,106.0
2022-12-26 02:34:24,1.672022064,106.0
2022-12-26 03:04:20,1.67202386,106.0
2022-12-26 03:34:20,1.67202566,107.0
2022-12-26 04:04:20,1.67202746,83.0
2022-12-26 04:34:19,1.672029259,101.0
2022-12-26 05:04:18,1.672031058,102.0
2022-12-26 05:34:22,1.672032862,98.0
2022-12-26 06:04:21,1.672034661,99.0
2022-12-26 06:34:20,1.67203646,92.0
2022-12-26 07:04:20,1.67203826,94.0
2022-12-26 07:34:25,1.672040065,93.0
2022-12-26 08:04:27,1.672041867,90.0
2022-12-26 08:34:31,1.672043671,92.0
2022-12-26 09:04:31,1.672045471,99.0
2022-12-26 09:34:32,1.672047272,96.0
2022-12-26 10:04:29,1.672049069,98.0
2022-12-26 10:34:32,1.672050872,109.0
2022-12-26 11:04:30,1.67205267,100.0
2022-12-26 11:34:34,1.672054474,101.0
2022-12-26 12:04:32,1.672056272,109.0
2022-12-26 12:34:31,1.672058071,108.0
2022-12-26 13:04:30,1.67205987,2.0
2022-12-26 13:34:34,1.672061674,95.0
2022-12-26 14:04:33,1.672063473,93.0
2022-12-26 14:34:33,1.672065273,93.0
2022-12-26 15:04:35,1.672067075,88.0
2022-12-26 15:34:36,1.672068876,92.0
2022-12-26 16:04:33,1.672070673,95.0
2022-12-26 16:34:34,1.672072474,98.0
2022-12-26 17:04:35,1.672074275,107.0
2022-12-26 17:34:32,1.672076072,105.0
2022-12-26 18:04:33,1.672077873,92.0
2022-12-26 18:34:33,1.672079673,92.0
2022-12-26 19:04:31,1.672081471,90.0
2022-12-26 19:34:29,1.672083269,91.0
2022-12-26 20:04:29,1.672085069,89.0
2022-12-26 20:34:27,1.672086867,98.0
2022-12-26 21:04:28,1.672088668,92.0
2022-12-26 21:34:23,1.672090463,88.0
2022-12-26 22:04:27,1.672092267,94.0
2022-12-26 22:34:25,1.672094065,100.0
2022-12-26 23:04:24,1.672095864,109.0
2022-12-26 23:34:22,1.672097662,119.0
2022-12-27 00:04:24,1.672099464,94.0
2022-12-27 00:34:21,1.672101261,94.0
2022-12-27 01:04:23,1.672103063,112.0
2022-12-27 01:34:24,1.672104864,116.0
2022-12-27 02:04:20,1.67210666,111.0
2022-12-27 02:34:21,1.672108461,109.0
2022-12-27 03:04:22,1.672110262,106.0
2022-12-27 03:34:23,1.672112063,118.0
2022-12-27 04:04:20,1.67211386,152.0
2022-12-27 04:34:21,1.672115661,88.0
2022-12-27 05:04:21,1.672117461,89.0
2022-12-27 05:34:21,1.672119261,95.0
2022-12-27 06:04:22,1.672121062,90.0
2022-12-27 06:34:22,1.672122862,93.0
2022-12-27 07:04:25,1.672124665,91.0
2022-12-27 07:34:24,1.672126464,90.0
2022-12-27 08:04:24,1.672128264,110.0
2022-12-27 08:34:25,1.672130065,88.0
2022-12-27 09:04:28,1.672131868,87.0
2022-12-27 09:34:27,1.672133667,89.0
2022-12-27 10:04:32,1.672135472,110.0
2022-12-27 10:34:27,1.672137267,90.0
2022-12-27 11:04:32,1.672139072,96.0
2022-12-27 11:34:28,1.672140868,97.0
2022-12-27 12:04:30,1.67214267,92.0
2022-12-27 12:34:33,1.672144473,102.0
2022-12-27 13:04:32,1.672146272,94.0
2022-12-27 13:34:31,1.672148071,94.0
2022-12-27 14:04:36,1.672149876,92.0
2022-12-27 14:34:33,1.672151673,107.0
2022-12-27 15:04:35,1.672153475,95.0
2022-12-27 15:34:37,1.672155277,94.0
2022-12-27 16:04:35,1.672157075,3.0
2022-12-27 16:34:36,1.672158876,89.0
2022-12-27 17:04:34,1.672160674,94.0
2022-12-27 17:34:37,1.672162477,98.0
2022-12-27 18:04:35,1.672164275,94.0
2022-12-27 18:34:37,1.672166077,107.0
2022-12-27 19:04:34,1.672167874,91.0
2022-12-27 19:34:33,1.672169673,88.0
2022-12-27 20:04:30,1.67217147,89.0
2022-12-27 20:34:29,1.672173269,96.0
2022-12-27 21:04:26,1.672175066,96.0
2022-12-27 21:34:27,1.672176867,100.0
2022-12-27 22:04:23,1.672178663,92.0
2022-12-27 22:34:27,1.672180467,91.0
2022-12-27 23:04:22,1.672182262,102.0
2022-12-27 23:34:26,1.672184066,104.0
2022-12-28 00:04:25,1.672185865,105.0
2022-12-28 00:34:25,1.672187665,103.0
2022-12-28 01:04:24,1.672189464,102.0
2022-12-28 01:34:23,1.672191263,107.0
2022-12-28 02:04:26,1.672193066,104.0
2022-12-28 02:34:25,1.672194865,102.0
2022-12-28 03:04:24,1.672196664,105.0
2022-12-28 03:34:23,1.672198463,105.0
2022-12-28 04:04:25,1.672200265,107.0
2022-12-28 04:34:22,1.672202062,103.0
2022-12-28 05:04:24,1.672203864,93.0
2022-12-28 05:34:21,1.672205661,95.0
2022-12-28 06:04:22,1.672207462,90.0
2022-12-28 06:34:23,1.672209263,97.0
2022-12-28 07:04:26,1.672211066,94.0
2022-12-28 07:34:26,1.672212866,88.0
2022-12-28 08:04:29,1.672214669,90.0
2022-12-28 08:34:28,1.672216468,92.0
2022-12-28 09:04:29,1.672218269,91.0
2022-12-28 09:34:31,1.672220071,89.0
2022-12-28 10:04:35,1.672221875,93.0
2022-12-28 10:34:35,1.672223675,92.0
2022-12-28 11:04:35,1.672225475,88.0
2022-12-28 11:34:32,1.672227272,97.0
2022-12-28 12:04:35,1.672229075,92.0
2022-12-28 12:34:37,1.672230877,98.0
2022-12-28 13:04:36,1.672232676,91.0
2022-12-28 13:34:35,1.672234475,3.0
2022-12-28 14:04:32,1.672236272,89.0
2022-12-28 14:34:27,1.672238067,92.0
2022-12-28 15:04:28,1.672239868,88.0
2022-12-28 15:34:33,1.672241673,91.0
2022-12-28 16:04:36,1.672243476,106.0
2022-12-28 16:34:34,1.672245274,89.0
2022-12-28 17:04:35,1.672247075,87.0
2022-12-28 17:34:32,1.672248872,93.0
2022-12-28 18:04:34,1.672250674,92.0
2022-12-28 18:34:36,1.672252476,100.0
2022-12-28 19:04:31,1.672254271,91.0
2022-12-28 19:34:34,1.672256074,88.0
2022-12-28 20:04:31,1.672257871,93.0
2022-12-28 20:34:31,1.672259671,94.0
2022-12-28 21:04:29,1.672261469,109.0
2022-12-28 21:34:25,1.672263265,98.0
2022-12-28 22:04:26,1.672265066,97.0
2022-12-28 22:34:26,1.672266866,100.0
2022-12-28 23:04:25,1.672268665,97.0
2022-12-28 23:34:24,1.672270464,98.0
2022-12-29 00:04:23,1.672272263,116.0
2022-12-29 00:34:26,1.672274066,123.0
2022-12-29 01:04:24,1.672275864,99.0
2022-12-29 01:34:23,1.672277663,97.0
2022-12-29 02:04:23,1.672279463,3.0
2022-12-29 02:34:26,1.672281266,100.0
2022-12-29 03:04:25,1.672283065,3.0
2022-12-29 03:34:23,1.672284863,90.0
2022-12-29 04:04:26,1.672286666,97.0
2022-12-29 04:34:24,1.672288464,90.0
2022-12-29 05:04:22,1.672290262,95.0
2022-12-29 05:34:24,1.672292064,98.0
2022-12-29 06:04:22,1.672293862,96.0
2022-12-29 06:34:24,1.672295664,89.0
2022-12-29 07:04:22,1.672297462,90.0
2022-12-29 07:34:27,1.672299267,86.0
2022-12-29 08:04:29,1.672301069,91.0
2022-12-29 08:34:29,1.672302869,85.0
2022-12-29 09:04:29,1.672304669,87.0
2022-12-29 09:34:32,1.672306472,112.0
2022-12-29 10:04:32,1.672308272,87.0
2022-12-29 10:34:35,1.672310075,95.0
2022-12-29 11:04:39,1.672311879,88.0
2022-12-29 11:34:38,1.672313678,88.0
2022-12-29 12:04:37,1.672315477,100.0
2022-12-29 12:34:37,1.672317277,104.0
2022-12-29 13:04:36,1.672319076,102.0
2022-12-29 13:34:36,1.672320876,107.0
2022-12-29 14:04:36,1.672322676,3.0
2022-12-29 14:34:37,1.672324477,104.0
2022-12-29 15:04:39,1.672326279,2.0
2022-12-29 15:34:40,1.67232808,101.0
2022-12-29 16:04:38,1.672329878,98.0
2022-12-29 16:34:40,1.67233168,3.0
2022-12-29 17:04:37,1.672333477,106.0
2022-12-29 17:34:39,1.672335279,94.0
2022-12-29 18:04:40,1.67233708,98.0
2022-12-29 18:34:35,1.672338875,100.0
2022-12-29 19:04:34,1.672340674,91.0
2022-12-29 19:34:36,1.672342476,93.0
2022-12-29 20:04:30,1.67234427,94.0
2022-12-29 20:34:31,1.672346071,93.0
2022-12-29 21:04:29,1.672347869,95.0
2022-12-29 21:34:28,1.672349668,91.0
2022-12-29 22:04:25,1.672351465,93.0
2022-12-29 22:34:27,1.672353267,101.0
2022-12-29 23:04:28,1.672355068,99.0
2022-12-29 23:34:24,1.672356864,3.0
2022-12-30 00:04:24,1.672358664,97.0
2022-12-30 00:34:24,1.672360464,95.0
2022-12-30 01:04:24,1.672362264,3.0
2022-12-30 01:34:24,1.672364064,109.0
2022-12-30 02:04:23,1.672365863,109.0
2022-12-30 02:34:22,1.672367662,106.0
2022-12-30 03:04:25,1.672369465,97.0
2022-12-30 03:34:24,1.672371264,107.0
2022-12-30 04:04:22,1.672373062,102.0
2022-12-30 04:34:24,1.672374864,91.0
2022-12-30 05:04:22,1.672376662,92.0
2022-12-30 05:34:24,1.672378464,90.0
2022-12-30 06:04:22,1.672380262,87.0
2022-12-30 06:34:24,1.672382064,88.0
2022-12-30 07:04:23,1.672383863,92.0
2022-12-30 07:34:30,1.67238567,86.0
2022-12-30 08:04:29,1.672387469,92.0
2022-12-30 08:34:31,1.672389271,91.0
2022-12-30 09:04:35,1.672391075,86.0
2022-12-30 09:34:35,1.672392875,105.0
2022-12-30 10:04:37,1.672394677,93.0
2022-12-30 10:34:35,1.672396475,96.0
2022-12-30 11:04:35,1.672398275,106.0
2022-12-30 11:34:36,1.672400076,105.0
2022-12-30 12:04:36,1.672401876,103.0
2022-12-30 12:34:36,1.672403676,105.0
2022-12-30 13:04:37,1.672405477,106.0
2022-12-30 13:34:39,1.672407279,3.0
2022-12-30 14:04:41,1.672409081,3.0
2022-12-30 14:34:38,1.672410878,103.0
2022-12-30 15:04:40,1.67241268,97.0
2022-12-30 15:34:40,1.67241448,3.0
2022-12-30 16:04:38,1.672416278,104.0
2022-12-30 16:34:42,1.672418082,106.0
2022-12-30 17:04:42,1.672419882,105.0
2022-12-30 17:34:40,1.67242168,105.0
2022-12-30 18:04:37,1.672423477,85.0
2022-12-30 18:34:39,1.672425279,85.0
2022-12-30 19:04:35,1.672427075,106.0
2022-12-30 19:34:39,1.672428879,90.0
2022-12-30 20:04:35,1.672430675,108.0
2022-12-30 20:34:29,1.672432469,92.0
2022-12-30 21:04:30,1.67243427,99.0
2022-12-30 21:34:31,1.672436071,87.0
2022-12-30 22:04:30,1.67243787,96.0
2022-12-30 22:34:29,1.672439669,97.0
2022-12-30 23:04:29,1.672441469,99.0
2022-12-30 23:34:28,1.672443268,103.0
2022-12-31 00:04:26,1.672445066,101.0
2022-12-31 00:34:29,1.672446869,83.0
2022-12-31 01:04:27,1.672448667,99.0
2022-12-31 01:34:25,1.672450465,104.0
2022-12-31 02:04:27,1.672452267,98.0
2022-12-31 02:34:29,1.672454069,100.0
2022-12-31 03:04:26,1.672455866,102.0
2022-12-31 03:34:27,1.672457667,103.0
2022-12-31 04:04:28,1.672459468,110.0
2022-12-31 04:34:24,1.672461264,92.0
2022-12-31 05:04:25,1.672463065,87.0
2022-12-31 05:34:26,1.672464866,90.0
2022-12-31 06:04:26,1.672466666,98.0
2022-12-31 06:34:27,1.672468467,92.0
2022-12-31 07:04:29,1.672470269,92.0
2022-12-31 07:34:28,1.672472068,87.0
2022-12-31 08:04:30,1.67247387,86.0
2022-12-31 08:34:34,1.672475674,92.0
2022-12-31 09:04:34,1.672477474,99.0
2022-12-31 09:34:37,1.672479277,112.0
2022-12-31 10:04:36,1.672481076,91.0
2022-12-31 10:34:37,1.672482877,3.0
2022-12-31 11:04:39,1.672484679,3.0
2022-12-31 11:34:42,1.672486482,102.0
2022-12-31 12:04:41,1.672488281,3.0
2022-12-31 12:34:41,1.672490081,113.0
2022-12-31 13:04:41,1.672491881,3.0
2022-12-31 13:34:40,1.67249368,102.0
2022-12-31 14:04:38,1.672495478,105.0
2022-12-31 14:34:43,1.672497283,3.0
2022-12-31 15:04:40,1.67249908,112.0
2022-12-31 15:34:41,1.672500881,108.0
2022-12-31 16:04:41,1.672502681,3.0
2022-12-31 16:34:40,1.67250448,108.0
2022-12-31 17:04:40,1.67250628,3.0
2022-12-31 17:34:39,1.672508079,96.0
2022-12-31 18:04:42,1.672509882,88.0
2022-12-31 18:34:39,1.672511679,106.0
2022-12-31 19:04:39,1.672513479,99.0
2022-12-31 19:34:35,1.672515275,86.0
2022-12-31 20:04:38,1.672517078,92.0
2022-12-31 20:34:35,1.672518875,112.0
2022-12-31 21:04:34,1.672520674,91.0
2022-12-31 21:34:32,1.672522472,88.0
2022-12-31 22:04:28,1.672524268,113.0
2022-12-31 22:34:29,1.672526069,116.0
2022-12-31 23:04:29,1.672527869,107.0
2022-12-31 23:34:29,1.672529669,103.0
2023-01-01 00:04:29,1.672531469,104.0
2023-01-01 00:34:30,1.67253327,115.0
2023-01-01 01:04:32,1.672535072,98.0
2023-01-01 01:34:29,1.672536869,109.0
2023-01-01 02:04:31,1.672538671,107.0
2023-01-01 02:34:33,1.672540473,90.0
2023-01-01 03:04:31,1.672542271,97.0
2023-01-01 03:34:33,1.672544073,115.0
2023-01-01 04:04:31,1.672545871,97.0
2023-01-01 04:34:33,1.672547673,90.0
2023-01-01 05:04:29,1.672549469,87.0
2023-01-01 05:34:26,1.672551266,89.0
2023-01-01 06:04:27,1.672553067,85.0
2023-01-01 06:34:24,1.672554864,85.0
2023-01-01 07:04:24,1.672556664,86.0
2023-01-01 07:34:25,1.672558465,88.0
2023-01-01 08:04:26,1.672560266,90.0
2023-01-01 08:34:28,1.672562068,92.0
2023-01-01 09:04:25,1.672563865,87.0
2023-01-01 09:34:27,1.672565667,88.0
2023-01-01 10:04:29,1.672567469,94.0
2023-01-01 10:34:27,1.672569267,87.0
2023-01-01 11:04:30,1.67257107,88.0
2023-01-01 11:34:27,1.672572867,87.0
2023-01-01 12:04:24,1.672574664,88.0
2023-01-01 12:34:28,1.672576468,87.0
2023-01-01 13:04:27,1.672578267,95.0
2023-01-01 13:34:29,1.672580069,86.0
2023-01-01 14:04:26,1.672581866,92.0
2023-01-01 14:34:28,1.672583668,92.0
2023-01-01 15:04:26,1.672585466,90.0
2023-01-01 15:34:30,1.67258727,93.0
2023-01-01 16:04:30,1.67258907,94.0
2023-01-01 16:34:31,1.672590871,87.0
2023-01-01 17:04:33,1.672592673,86.0
2023-01-01 17:34:30,1.67259447,96.0
2023-01-01 18:04:32,1.672596272,87.0
2023-01-01 18:34:28,1.672598068,92.0
2023-01-01 19:04:30,1.67259987,92.0
2023-01-01 19:34:30,1.67260167,91.0
2023-01-01 20:04:29,1.672603469,91.0
2023-01-01 20:34:27,1.672605267,91.0
2023-01-01 21:04:28,1.672607068,92.0
2023-01-01 21:34:25,1.672608865,105.0
2023-01-01 22:04:25,1.672610665,108.0
2023-01-01 22:34:26,1.672612466,96.0
2023-01-01 23:04:26,1.672614266,93.0
2023-01-01 23:34:27,1.672616067,64.0
2023-01-02 00:04:27,1.672617867,95.0
2023-01-02 00:34:28,1.672619668,89.0
2023-01-02 01:04:24,1.672621464,105.0
2023-01-02 01:34:24,1.672623264,85.0
2023-01-02 02:04:23,1.672625063,102.0
2023-01-02 02:34:22,1.672626862,95.0
2023-01-02 03:04:26,1.672628666,96.0
2023-01-02 03:34:24,1.672630464,106.0
2023-01-02 04:04:21,1.672632261,94.0
2023-01-02 04:34:23,1.672634063,105.0
2023-01-02 05:04:20,1.67263586,102.0
2023-01-02 05:34:21,1.672637661,95.0
2023-01-02 06:04:22,1.672639462,106.0
2023-01-02 06:34:23,1.672641263,102.0
2023-01-02 07:04:20,1.67264306,89.0
2023-01-02 07:34:24,1.672644864,95.0
2023-01-02 08:04:23,1.672646663,86.0
2023-01-02 08:34:24,1.672648464,86.0
2023-01-02 09:04:27,1.672650267,103.0
2023-01-02 09:34:30,1.67265207,88.0
2023-01-02 10:04:30,1.67265387,93.0
2023-01-02 10:34:31,1.672655671,108.0
2023-01-02 11:04:34,1.672657474,91.0
2023-01-02 11:34:32,1.672659272,94.0
2023-01-02 12:04:32,1.672661072,108.0
2023-01-02 12:34:32,1.672662872,115.0
2023-01-02 13:04:33,1.672664673,102.0
2023-01-02 13:34:34,1.672666474,96.0
2023-01-02 14:04:36,1.672668276,98.0
2023-01-02 14:34:34,1.672670074,3.0
2023-01-02 15:04:37,1.672671877,102.0
2023-01-02 15:34:36,1.672673676,94.0
2023-01-02 16:04:35,1.672675475,93.0
2023-01-02 16:34:34,1.672677274,115.0
2023-01-02 17:04:38,1.672679078,3.0
2023-01-02 17:34:36,1.672680876,86.0
2023-01-02 18:04:35,1.672682675,86.0
2023-01-02 18:34:37,1.672684477,91.0
2023-01-02 19:04:34,1.672686274,87.0
2023-01-02 19:34:34,1.672688074,93.0
2023-01-02 20:04:33,1.672689873,86.0
2023-01-02 20:34:28,1.672691668,90.0
2023-01-02 21:04:25,1.672693465,91.0
2023-01-02 21:34:27,1.672695267,87.0
2023-01-02 22:04:28,1.672697068,99.0
2023-01-02 22:34:24,1.672698864,89.0
2023-01-02 23:04:23,1.672700663,100.0
2023-01-02 23:34:27,1.672702467,97.0
2023-01-03 00:04:25,1.672704265,85.0
2023-01-03 00:34:23,1.672706063,3.0
2023-01-03 01:04:21,1.672707861,99.0
2023-01-03 01:34:24,1.672709664,3.0
2023-01-03 02:04:21,1.672711461,84.0
2023-01-03 02:34:23,1.672713263,98.0
2023-01-03 03:04:24,1.672715064,98.0
2023-01-03 03:34:21,1.672716861,105.0
2023-01-03 04:04:21,1.672718661,99.0
2023-01-03 04:34:22,1.672720462,92.0
2023-01-03 05:04:23,1.672722263,99.0
2023-01-03 05:34:23,1.672724063,87.0
2023-01-03 06:04:19,1.672725859,92.0
2023-01-03 06:34:20,1.67272766,87.0
2023-01-03 07:04:23,1.672729463,86.0
2023-01-03 07:34:28,1.672731268,87.0
2023-01-03 08:04:26,1.672733066,84.0
2023-01-03 08:34:30,1.67273487,86.0
2023-01-03 09:04:31,1.672736671,86.0
2023-01-03 09:34:34,1.672738474,92.0
2023-01-03 10:04:34,1.672740274,92.0
2023-01-03 10:34:34,1.672742074,92.0
2023-01-03 11:04:36,1.672743876,106.0
2023-01-03 11:34:33,1.672745673,102.0
2023-01-03 12:04:37,1.672747477,3.0
2023-01-03 12:34:35,1.672749275,3.0
2023-01-03 13:04:34,1.672751074,98.0
2023-01-03 13:34:38,1.672752878,101.0
2023-01-03 14:04:38,1.672754678,113.0
2023-01-03 14:34:39,1.672756479,91.0
2023-01-03 15:04:40,1.67275828,3.0
2023-01-03 15:34:37,1.672760077,3.0
2023-01-03 16:04:39,1.672761879,100.0
2023-01-03 16:34:38,1.672763678,84.0
2023-01-03 17:04:39,1.672765479,107.0
2023-01-03 17:34:40,1.67276728,3.0
2023-01-03 18:04:35,1.672769075,87.0
2023-01-03 18:34:39,1.672770879,93.0
2023-01-03 19:04:37,1.672772677,90.0
2023-01-03 19:34:33,1.672774473,88.0
2023-01-03 20:04:31,1.672776271,92.0
2023-01-03 20:34:33,1.672778073,89.0
2023-01-03 21:04:28,1.672779868,100.0
2023-01-03 21:34:28,1.672781668,92.0
2023-01-03 22:04:27,1.672783467,94.0
2023-01-03 22:34:27,1.672785267,117.0
2023-01-03 23:04:31,1.672787071,115.0
2023-01-03 23:34:30,1.67278887,88.0
2023-01-04 00:04:29,1.672790669,98.0
2023-01-04 00:34:27,1.672792467,3.0
2023-01-04 01:04:29,1.672794269,3.0
2023-01-04 01:34:25,1.672796065,117.0
2023-01-04 02:04:25,1.672797865,3.0
2023-01-04 02:34:25,1.672799665,114.0
2023-01-04 03:04:24,1.672801464,112.0
2023-01-04 03:34:23,1.672803263,111.0
2023-01-04 04:04:21,1.672805061,102.0
2023-01-04 04:34:23,1.672806863,95.0
2023-01-04 05:04:20,1.67280866,103.0
2023-01-04 05:34:21,1.672810461,100.0
2023-01-04 06:04:22,1.672812262,86.0
2023-01-04 06:34:23,1.672814063,92.0
2023-01-04 07:04:26,1.672815866,105.0
2023-01-04 07:34:26,1.672817666,86.0
2023-01-04 08:04:28,1.672819468,91.0
2023-01-04 08:34:26,1.672821266,90.0
2023-01-04 09:04:31,1.672823071,90.0
2023-01-04 09:34:32,1.672824872,96.0
2023-01-04 10:04:30,1.67282667,99.0
2023-01-04 10:34:34,1.672828474,107.0
2023-01-04 11:04:33,1.672830273,101.0
2023-01-04 11:34:34,1.672832074,106.0
2023-01-04 12:04:35,1.672833875,105.0
2023-01-04 12:34:36,1.672835676,103.0
2023-01-04 13:04:33,1.672837473,102.0
2023-01-04 13:34:34,1.672839274,97.0
2023-01-04 14:04:36,1.672841076,3.0
2023-01-04 14:34:35,1.672842875,98.0
2023-01-04 15:04:39,1.672844679,97.0
2023-01-04 15:34:38,1.672846478,92.0
2023-01-04 16:04:38,1.672848278,90.0
2023-01-04 16:34:38,1.672850078,97.0
2023-01-04 17:04:37,1.672851877,3.0
2023-01-04 17:34:37,1.672853677,90.0
2023-01-04 18:04:36,1.672855476,85.0
2023-01-04 18:34:34,1.672857274,90.0
2023-01-04 19:04:36,1.672859076,105.0
2023-01-04 19:34:32,1.672860872,85.0
2023-01-04 20:04:30,1.67286267,91.0
2023-01-04 20:34:31,1.672864471,95.0
2023-01-04 21:04:30,1.67286627,87.0
2023-01-04 21:34:27,1.672868067,89.0
2023-01-04 22:04:24,1.672869864,89.0
2023-01-04 22:34:25,1.672871665,90.0
2023-01-04 23:04:25,1.672873465,3.0
2023-01-04 23:34:25,1.672875265,98.0
2023-01-05 00:04:24,1.672877064,93.0
2023-01-05 00:34:24,1.672878864,89.0
2023-01-05 01:04:23,1.672880663,93.0
2023-01-05 01:34:26,1.672882466,3.0
2023-01-05 02:04:24,1.672884264,97.0
2023-01-05 02:34:23,1.672886063,110.0
2023-01-05 03:04:25,1.672887865,3.0
2023-01-05 03:34:23,1.672889663,105.0
2023-01-05 04:04:24,1.672891464,93.0
2023-01-05 04:34:21,1.672893261,88.0
2023-01-05 05:04:22,1.672895062,93.0
2023-01-05 05:34:24,1.672896864,92.0
2023-01-05 06:04:20,1.67289866,87.0
2023-01-05 06:34:21,1.672900461,90.0
2023-01-05 07:04:24,1.672902264,3.0
2023-01-05 07:34:24,1.672904064,91.0
2023-01-05 08:04:26,1.672905866,100.0
2023-01-05 08:34:29,1.672907669,86.0
2023-01-05 09:04:30,1.67290947,90.0
2023-01-05 09:34:32,1.672911272,95.0
2023-01-05 10:04:31,1.672913071,93.0
2023-01-05 10:34:32,1.672914872,107.0
2023-01-05 11:04:33,1.672916673,101.0
2023-01-05 11:34:36,1.672918476,107.0
2023-01-05 12:04:34,1.672920274,109.0
2023-01-05 12:34:37,1.672922077,106.0
2023-01-05 13:04:35,1.672923875,105.0
2023-01-05 13:34:34,1.672925674,94.0
2023-01-05 14:04:38,1.672927478,103.0
2023-01-05 14:34:38,1.672929278,105.0
2023-01-05 15:04:38,1.672931078,104.0
2023-01-05 15:34:39,1.672932879,3.0
2023-01-05 16:04:35,1.672934675,92.0
2023-01-05 16:34:36,1.672936476,92.0
2023-01-05 17:04:36,1.672938276,92.0
2023-01-05 17:34:36,1.672940076,84.0
2023-01-05 18:04:36,1.672941876,89.0
2023-01-05 18:34:34,1.672943674,101.0
2023-01-05 19:04:37,1.672945477,95.0
2023-01-05 19:34:34,1.672947274,90.0
2023-01-05 20:04:33,1.672949073,85.0
2023-01-05 20:34:29,1.672950869,85.0
2023-01-05 21:04:28,1.672952668,91.0
2023-01-05 21:34:26,1.672954466,87.0
2023-01-05 22:04:27,1.672956267,88.0
2023-01-05 22:34:24,1.672958064,3.0
2023-01-05 23:04:25,1.672959865,92.0
2023-01-05 23:34:25,1.672961665,96.0
2023-01-06 00:04:26,1.672963466,2.0
2023-01-06 00:34:26,1.672965266,103.0
2023-01-06 01:04:26,1.672967066,3.0
2023-01-06 01:34:25,1.672968865,103.0
2023-01-06 02:04:25,1.672970665,100.0
2023-01-06 02:34:23,1.672972463,102.0
2023-01-06 03:04:22,1.672974262,103.0
2023-01-06 03:34:25,1.672976065,96.0
2023-01-06 04:04:22,1.672977862,95.0
2023-01-06 04:34:25,1.672979665,100.0
2023-01-06 05:04:22,1.672981462,90.0
2023-01-06 05:34:25,1.672983265,88.0
2023-01-06 06:04:22,1.672985062,87.0
2023-01-06 06:34:24,1.672986864,90.0
2023-01-06 07:04:23,1.672988663,86.0
2023-01-06 07:34:29,1.672990469,91.0
2023-01-06 08:04:27,1.672992267,94.0
2023-01-06 08:34:27,1.672994067,91.0
2023-01-06 09:04:29,1.672995869,89.0
2023-01-06 09:34:32,1.672997672,109.0
2023-01-06 10:04:32,1.672999472,3.0
2023-01-06 10:34:34,1.673001274,95.0
2023-01-06 11:04:38,1.673003078,108.0
2023-01-06 11:34:37,1.673004877,3.0
2023-01-06 12:04:39,1.673006679,3.0
2023-01-06 12:34:40,1.67300848,103.0
2023-01-06 13:04:37,1.673010277,103.0
2023-01-06 13:34:39,1.673012079,3.0
2023-01-06 14:04:37,1.673013877,3.0
2023-01-06 14:34:40,1.67301568,99.0
2023-01-06 15:04:39,1.673017479,104.0
2023-01-06 15:34:39,1.673019279,3.0
2023-01-06 16:04:43,1.673021083,106.0
2023-01-06 16:34:42,1.673022882,3.0
2023-01-06 17:04:40,1.67302468,92.0
2023-01-06 17:34:38,1.673026478,103.0
2023-01-06 18:04:40,1.67302828,97.0
2023-01-06 18:34:37,1.673030077,99.0
2023-01-06 19:04:37,1.673031877,89.0
2023-01-06 19:34:35,1.673033675,3.0
2023-01-06 20:04:32,1.673035472,87.0
2023-01-06 20:34:32,1.673037272,92.0
2023-01-06 21:04:29,1.673039069,85.0
2023-01-06 21:34:30,1.67304087,115.0
2023-01-06 22:04:30,1.67304267,92.0
2023-01-06 22:34:29,1.673044469,95.0
2023-01-06 23:04:28,1.673046268,114.0
2023-01-06 23:34:26,1.673048066,96.0
2023-01-07 00:04:29,1.673049869,95.0
2023-01-07 00:34:28,1.673051668,111.0
2023-01-07 01:04:26,1.673053466,113.0
2023-01-07 01:34:28,1.673055268,114.0
2023-01-07 02:04:25,1.673057065,101.0
2023-01-07 02:34:27,1.673058867,117.0
2023-01-07 03:04:24,1.673060664,102.0
2023-01-07 03:34:25,1.673062465,107.0
2023-01-07 04:04:26,1.673064266,95.0
2023-01-07 04:34:27,1.673066067,92.0
2023-01-07 05:04:28,1.673067868,85.0
2023-01-07 05:34:24,1.673069664,85.0
2023-01-07 06:04:25,1.673071465,3.0
2023-01-07 06:34:26,1.673073266,100.0
2023-01-07 07:04:27,1.673075067,90.0
2023-01-07 07:34:30,1.67307687,91.0
2023-01-07 08:04:29,1.673078669,93.0
2023-01-07 08:34:30,1.67308047,93.0
2023-01-07 09:04:32,1.673082272,87.0
2023-01-07 09:34:31,1.673084071,87.0
2023-01-07 10:04:36,1.673085876,3.0
2023-01-07 10:34:33,1.673087673,101.0
2023-01-07 11:04:36,1.673089476,105.0
2023-01-07 11:34:36,1.673091276,106.0
2023-01-07 12:04:37,1.673093077,115.0
2023-01-07 12:34:39,1.673094879,100.0
2023-01-07 13:04:41,1.673096681,3.0
2023-01-07 13:34:39,1.673098479,3.0
2023-01-07 14:04:42,1.673100282,105.0
2023-01-07 14:34:41,1.673102081,100.0
2023-01-07 15:04:40,1.67310388,106.0
2023-01-07 15:34:40,1.67310568,3.0
2023-01-07 16:04:39,1.673107479,107.0
2023-01-07 16:34:38,1.673109278,105.0
2023-01-07 17:04:42,1.673111082,95.0
2023-01-07 17:34:40,1.67311288,105.0
2023-01-07 18:04:37,1.673114677,3.0
2023-01-07 18:34:38,1.673116478,110.0
2023-01-07 19:04:38,1.673118278,100.0
2023-01-07 19:34:37,1.673120077,96.0
2023-01-07 20:04:33,1.673121873,88.0
2023-01-07 20:34:32,1.673123672,88.0
2023-01-07 21:04:29,1.673125469,96.0
2023-01-07 21:34:29,1.673127269,96.0
2023-01-07 22:04:29,1.673129069,90.0
2023-01-07 22:34:28,1.673130868,129.0
2023-01-07 23:04:26,1.673132666,92.0
2023-01-07 23:34:29,1.673134469,95.0
2023-01-08 00:04:26,1.673136266,2.0
2023-01-08 00:34:27,1.673138067,89.0
2023-01-08 01:04:28,1.673139868,101.0
2023-01-08 01:34:24,1.673141664,95.0
2023-01-08 02:04:24,1.673143464,108.0
2023-01-08 02:34:24,1.673145264,100.0
2023-01-08 03:04:23,1.673147063,91.0
2023-01-08 03:34:23,1.673148863,94.0
2023-01-08 04:04:26,1.673150666,96.0
2023-01-08 04:34:25,1.673152465,3.0
2023-01-08 05:04:25,1.673154265,93.0
2023-01-08 05:34:24,1.673156064,94.0
2023-01-08 06:04:22,1.673157862,97.0
2023-01-08 06:34:26,1.673159666,86.0
2023-01-08 07:04:26,1.673161466,86.0
2023-01-08 07:34:28,1.673163268,86.0
2023-01-08 08:04:27,1.673165067,95.0
2023-01-08 08:34:33,1.673166873,106.0
2023-01-08 09:04:31,1.673168671,111.0
2023-01-08 09:34:35,1.673170475,85.0
2023-01-08 10:04:32,1.673172272,97.0
2023-01-08 10:34:34,1.673174074,92.0
2023-01-08 11:04:37,1.673175877,105.0
2023-01-08 11:34:37,1.673177677,102.0
2023-01-08 12:04:37,1.673179477,3.0
2023-01-08 12:34:38,1.673181278,100.0
2023-01-08 13:04:40,1.67318308,3.0
2023-01-08 13:34:37,1.673184877,3.0
2023-01-08 14:04:38,1.673186678,106.0
2023-01-08 14:34:40,1.67318848,3.0
2023-01-08 15:04:38,1.673190278,103.0
2023-01-08 15:34:43,1.673192083,102.0
2023-01-08 16:04:43,1.673193883,3.0
2023-01-08 16:34:41,1.673195681,3.0
2023-01-08 17:04:40,1.67319748,3.0
2023-01-08 17:34:39,1.673199279,95.0
2023-01-08 18:04:37,1.673201077,3.0
2023-01-08 18:34:38,1.673202878,115.0
2023-01-08 19:04:38,1.673204678,3.0
2023-01-08 19:34:36,1.673206476,86.0
2023-01-08 20:04:32,1.673208272,117.0
2023-01-08 20:34:32,1.673210072,140.0
2023-01-08 21:04:30,1.67321187,86.0
2023-01-08 21:34:30,1.67321367,86.0
2023-01-08 22:04:30,1.67321547,89.0
2023-01-08 22:34:30,1.67321727,87.0
2023-01-08 23:04:29,1.673219069,79.0
2023-01-08 23:34:27,1.673220867,101.0
2023-01-09 00:04:30,1.67322267,95.0
2023-01-09 00:34:28,1.673224468,124.0
2023-01-09 01:04:27,1.673226267,109.0
2023-01-09 01:34:30,1.67322807,101.0
2023-01-09 02:04:27,1.673229867,108.0
2023-01-09 02:34:24,1.673231664,103.0
2023-01-09 03:04:25,1.673233465,94.0
2023-01-09 03:34:25,1.673235265,97.0
2023-01-09 04:04:25,1.673237065,92.0
2023-01-09 04:34:24,1.673238864,88.0
2023-01-09 05:04:24,1.673240664,91.0
2023-01-09 05:34:23,1.673242463,88.0
2023-01-09 06:04:26,1.673244266,92.0
2023-01-09 06:34:25,1.673246065,87.0
2023-01-09 07:04:24,1.673247864,104.0
2023-01-09 07:34:24,1.673249664,86.0
2023-01-09 08:04:27,1.673251467,92.0
2023-01-09 08:34:32,1.673253272,95.0
2023-01-09 09:04:29,1.673255069,116.0
2023-01-09 09:34:33,1.673256873,85.0
2023-01-09 10:04:34,1.673258674,110.0
2023-01-09 10:34:35,1.673260475,118.0
2023-01-09 11:04:34,1.673262274,106.0
2023-01-09 11:34:39,1.673264079,3.0
2023-01-09 12:04:36,1.673265876,106.0
2023-01-09 12:34:38,1.673267678,107.0
2023-01-09 13:04:40,1.67326948,104.0
2023-01-09 13:34:37,1.673271277,3.0
2023-01-09 14:04:39,1.673273079,106.0
2023-01-09 14:34:42,1.673274882,3.0
2023-01-09 15:04:39,1.673276679,104.0
2023-01-09 15:34:38,1.673278478,107.0
2023-01-09 16:04:40,1.67328028,3.0
2023-01-09 16:34:37,1.673282077,3.0
2023-01-09 17:04:40,1.67328388,91.0
2023-01-09 17:34:38,1.673285678,90.0
2023-01-09 18:04:40,1.67328748,3.0
2023-01-09 18:34:36,1.673289276,114.0
2023-01-09 19:04:36,1.673291076,114.0
2023-01-09 19:34:34,1.673292874,86.0
2023-01-09 20:04:35,1.673294675,96.0
2023-01-09 20:34:33,1.673296473,85.0
2023-01-09 21:04:29,1.673298269,91.0
2023-01-09 21:34:29,1.673300069,88.0
2023-01-09 22:04:28,1.673301868,87.0
2023-01-09 22:34:27,1.673303667,86.0
2023-01-09 23:04:29,1.673305469,3.0
2023-01-09 23:34:26,1.673307266,97.0
2023-01-10 00:04:28,1.673309068,105.0
2023-01-10 00:34:24,1.673310864,104.0
2023-01-10 01:04:25,1.673312665,101.0
2023-01-10 01:34:25,1.673314465,100.0
2023-01-10 02:04:26,1.673316266,99.0
2023-01-10 02:34:26,1.673318066,106.0
2023-01-10 03:04:26,1.673319866,99.0
2023-01-10 03:34:26,1.673321666,97.0
2023-01-10 04:04:25,1.673323465,94.0
2023-01-10 04:34:25,1.673325265,96.0
2023-01-10 05:04:24,1.673327064,97.0
2023-01-10 05:34:23,1.673328863,95.0
2023-01-10 06:04:22,1.673330662,89.0
2023-01-10 06:34:25,1.673332465,89.0
2023-01-10 07:04:24,1.673334264,87.0
2023-01-10 07:34:25,1.673336065,90.0
2023-01-10 08:04:29,1.673337869,94.0
2023-01-10 08:34:30,1.67333967,3.0
2023-01-10 09:04:32,1.673341472,88.0
2023-01-10 09:34:32,1.673343272,94.0
2023-01-10 10:04:35,1.673345075,100.0
2023-01-10 10:34:39,1.673346879,105.0
2023-01-10 11:04:40,1.67334868,3.0
2023-01-10 11:34:37,1.673350477,3.0
2023-01-10 12:04:40,1.67335228,104.0
2023-01-10 12:34:39,1.673354079,107.0
2023-01-10 13:04:43,1.673355883,105.0
2023-01-10 13:34:42,1.673357682,105.0
2023-01-10 14:04:40,1.67335948,119.0
2023-01-10 14:34:39,1.673361279,98.0
2023-01-10 15:04:45,1.673363085,99.0
2023-01-10 15:34:40,1.67336488,3.0
2023-01-10 16:04:39,1.673366679,134.0
2023-01-10 16:34:42,1.673368482,105.0
2023-01-10 17:04:42,1.673370282,3.0
2023-01-10 17:34:43,1.673372083,3.0
2023-01-10 18:04:39,1.673373879,3.0
2023-01-10 18:34:42,1.673375682,106.0
2023-01-10 19:04:40,1.67337748,3.0
2023-01-10 19:34:35,1.673379275,101.0
2023-01-10 20:04:38,1.673381078,94.0
2023-01-10 20:34:34,1.673382874,93.0
2023-01-10 21:04:32,1.673384672,93.0
2023-01-10 21:34:29,1.673386469,92.0
2023-01-10 22:04:30,1.67338827,150.0
2023-01-10 22:34:30,1.67339007,3.0
2023-01-10 23:04:29,1.673391869,96.0
2023-01-10 23:34:28,1.673393668,93.0
2023-01-11 00:04:26,1.673395466,93.0
2023-01-11 00:34:29,1.673397269,93.0
2023-01-11 01:04:26,1.673399066,100.0
2023-01-11 01:34:29,1.673400869,92.0
2023-01-11 02:04:26,1.673402666,109.0
2023-01-11 02:34:27,1.673404467,93.0
2023-01-11 03:04:23,1.673406263,93.0
2023-01-11 03:34:24,1.673408064,94.0
2023-01-11 04:04:24,1.673409864,102.0
2023-01-11 04:34:24,1.673411664,94.0
2023-01-11 05:04:24,1.673413464,95.0
2023-01-11 05:34:26,1.673415266,94.0
2023-01-11 06:04:29,1.673417069,95.0
2023-01-11 06:34:27,1.673418867,91.0
2023-01-11 07:04:29,1.673420669,91.0
2023-01-11 07:34:28,1.673422468,108.0
2023-01-11 08:04:27,1.673424267,115.0
2023-01-11 08:34:31,1.673426071,92.0
2023-01-11 09:04:30,1.67342787,95.0
2023-01-11 09:34:29,1.673429669,97.0
2023-01-11 10:33:55,1.673433235,91.0
2023-01-11 11:04:33,1.673435073,99.0
2023-01-11 11:34:28,1.673436868,85.0
2023-01-11 12:04:28,1.673438668,89.0
2023-01-11 12:34:27,1.673440467,91.0
2023-01-11 13:04:26,1.673442266,93.0
2023-01-11 13:34:29,1.673444069,87.0
2023-01-11 14:04:28,1.673445868,108.0
2023-01-11 14:34:28,1.673447668,87.0
2023-01-11 15:04:30,1.67344947,97.0
2023-01-11 15:34:32,1.673451272,93.0
2023-01-11 16:04:30,1.67345307,104.0
2023-01-11 16:34:33,1.673454873,118.0
2023-01-11 17:04:31,1.673456671,99.0
2023-01-11 17:34:30,1.67345847,101.0
2023-01-11 18:04:34,1.673460274,103.0
2023-01-11 18:34:33,1.673462073,104.0
2023-01-11 19:04:32,1.673463872,104.0
2023-01-11 19:34:31,1.673465671,103.0
2023-01-11 20:04:33,1.673467473,103.0
2023-01-11 20:34:28,1.673469268,97.0
2023-01-11 21:04:27,1.673471067,106.0
2023-01-11 21:34:28,1.673472868,101.0
2023-01-11 22:04:24,1.673474664,94.0
2023-01-11 22:34:24,1.673476464,94.0
2023-01-11 23:04:24,1.673478264,106.0
2023-01-11 23:34:24,1.673480064,107.0
2023-01-12 00:04:23,1.673481863,108.0
2023-01-12 00:34:27,1.673483667,109.0
2023-01-12 01:04:26,1.673485466,108.0
2023-01-12 01:34:24,1.673487264,106.0
2023-01-12 02:04:23,1.673489063,107.0
2023-01-12 02:34:25,1.673490865,106.0
2023-01-12 03:04:23,1.673492663,106.0
2023-01-12 03:34:24,1.673494464,107.0
2023-01-12 04:04:21,1.673496261,107.0
2023-01-12 04:34:22,1.673498062,104.0
2023-01-12 05:04:23,1.673499863,114.0
2023-01-12 05:34:24,1.673501664,114.0
2023-01-12 06:04:20,1.67350346,103.0
2023-01-12 06:34:21,1.673505261,96.0
2023-01-12 07:04:23,1.673507063,102.0
2023-01-12 07:34:25,1.673508865,84.0
2023-01-12 08:04:24,1.673510664,88.0
2023-01-12 08:34:24,1.673512464,88.0
2023-01-12 09:04:27,1.673514267,100.0
2023-01-12 09:34:32,1.673516072,92.0
2023-01-12 10:04:31,1.673517871,100.0
2023-01-12 10:34:30,1.67351967,102.0
2023-01-12 11:04:33,1.673521473,102.0
2023-01-12 11:34:32,1.673523272,106.0
2023-01-12 12:04:30,1.67352507,95.0
2023-01-12 12:34:31,1.673526871,106.0
2023-01-12 13:04:31,1.673528671,100.0
2023-01-12 13:34:31,1.673530471,98.0
2023-01-12 14:04:27,1.673532267,104.0
2023-01-12 14:34:33,1.673534073,104.0
2023-01-12 15:04:31,1.673535871,103.0
2023-01-12 15:34:34,1.673537674,102.0
2023-01-12 16:04:33,1.673539473,104.0
2023-01-12 16:34:32,1.673541272,104.0
2023-01-12 17:04:31,1.673543071,107.0
2023-01-12 17:34:33,1.673544873,102.0
2023-01-12 18:04:29,1.673546669,104.0
2023-01-12 18:34:29,1.673548469,101.0
2023-01-12 19:04:29,1.673550269,94.0
2023-01-12 19:34:28,1.673552068,89.0
2023-01-12 20:04:27,1.673553867,100.0
2023-01-12 20:34:30,1.67355567,98.0
2023-01-12 21:04:27,1.673557467,104.0
2023-01-12 21:34:28,1.673559268,108.0
2023-01-12 22:04:23,1.673561063,105.0
2023-01-12 22:34:28,1.673562868,106.0
2023-01-12 23:04:24,1.673564664,102.0
2023-01-12 23:34:24,1.673566464,106.0
2023-01-13 00:04:24,1.673568264,102.0
2023-01-13 00:34:23,1.673570063,103.0
2023-01-13 01:04:27,1.673571867,104.0
2023-01-13 01:34:26,1.673573666,106.0
2023-01-13 02:04:24,1.673575464,105.0
2023-01-13 02:34:23,1.673577263,106.0
2023-01-13 03:04:26,1.673579066,103.0
2023-01-13 03:34:24,1.673580864,105.0
2023-01-13 04:04:22,1.673582662,95.0
2023-01-13 04:34:24,1.673584464,2.0
2023-01-13 05:04:22,1.673586262,99.0
2023-01-13 05:34:25,1.673588065,95.0
2023-01-13 06:04:22,1.673589862,92.0
2023-01-13 06:34:24,1.673591664,94.0
2023-01-13 07:04:22,1.673593462,95.0
2023-01-13 07:34:25,1.673595265,97.0
2023-01-13 08:04:25,1.673597065,106.0
2023-01-13 08:34:27,1.673598867,102.0
2023-01-13 09:04:26,1.673600666,92.0
2023-01-13 09:34:32,1.673602472,111.0
2023-01-13 10:04:28,1.673604268,106.0
2023-01-13 10:34:31,1.673606071,104.0
2023-01-13 11:04:30,1.67360787,3.0
2023-01-13 11:34:35,1.673609675,101.0
2023-01-13 12:04:32,1.673611472,102.0
2023-01-13 12:34:33,1.673613273,96.0
2023-01-13 13:04:35,1.673615075,99.0
2023-01-13 13:34:36,1.673616876,100.0
2023-01-13 14:04:33,1.673618673,102.0
2023-01-13 14:34:35,1.673620475,104.0
2023-01-13 15:04:33,1.673622273,104.0
2023-01-13 15:34:34,1.673624074,105.0
2023-01-13 16:04:35,1.673625875,99.0
2023-01-13 16:34:36,1.673627676,98.0
2023-01-13 17:04:31,1.673629471,104.0
2023-01-13 17:34:32,1.673631272,105.0
2023-01-13 18:04:33,1.673633073,100.0
2023-01-13 18:34:33,1.673634873,101.0
2023-01-13 19:04:33,1.673636673,105.0
2023-01-13 19:34:31,1.673638471,103.0
2023-01-13 20:04:32,1.673640272,105.0
2023-01-13 20:34:26,1.673642066,105.0
2023-01-13 21:04:27,1.673643867,103.0
2023-01-13 21:34:23,1.673645663,104.0
2023-01-13 22:04:23,1.673647463,107.0
2023-01-13 22:34:27,1.673649267,100.0
2023-01-13 23:04:26,1.673651066,112.0
2023-01-13 23:34:24,1.673652864,111.0
2023-01-14 00:04:22,1.673654662,106.0
2023-01-14 00:34:24,1.673656464,111.0
2023-01-14 01:04:21,1.673658261,110.0
2023-01-14 01:34:22,1.673660062,111.0
2023-01-14 02:04:23,1.673661863,104.0
2023-01-14 02:34:19,1.673663659,111.0
2023-01-14 03:04:24,1.673665464,113.0
2023-01-14 03:34:19,1.673667259,109.0
2023-01-14 04:04:23,1.673669063,108.0
2023-01-14 04:34:18,1.673670858,100.0
2023-01-14 05:04:22,1.673672662,108.0
2023-01-14 05:34:21,1.673674461,100.0
2023-01-14 06:04:19,1.673676259,98.0
2023-01-14 06:34:22,1.673678062,96.0
2023-01-14 07:04:22,1.673679862,103.0
2023-01-14 07:34:25,1.673681665,107.0
2023-01-14 08:04:26,1.673683466,98.0
2023-01-14 08:34:29,1.673685269,91.0
2023-01-14 09:04:30,1.67368707,107.0
2023-01-14 09:34:33,1.673688873,103.0
2023-01-14 10:04:32,1.673690672,104.0
2023-01-14 10:34:33,1.673692473,103.0
2023-01-14 11:04:36,1.673694276,101.0
2023-01-14 11:34:34,1.673696074,103.0
2023-01-14 12:04:38,1.673697878,102.0
2023-01-14 12:34:38,1.673699678,106.0
2023-01-14 13:04:37,1.673701477,98.0
2023-01-14 13:34:37,1.673703277,114.0
2023-01-14 14:04:37,1.673705077,106.0
2023-01-14 14:34:37,1.673706877,105.0
2023-01-14 15:04:39,1.673708679,102.0
2023-01-14 15:34:41,1.673710481,3.0
2023-01-14 16:04:38,1.673712278,101.0
2023-01-14 16:34:40,1.67371408,101.0
2023-01-14 17:04:38,1.673715878,103.0
2023-01-14 17:34:40,1.67371768,100.0
2023-01-14 18:04:37,1.673719477,3.0
2023-01-14 18:34:38,1.673721278,117.0
2023-01-14 19:04:38,1.673723078,118.0
2023-01-14 19:34:36,1.673724876,131.0
2023-01-14 20:04:32,1.673726672,98.0
2023-01-14 20:34:29,1.673728469,95.0
2023-01-14 21:04:30,1.67373027,101.0
2023-01-14 21:34:30,1.67373207,100.0
2023-01-14 22:04:28,1.673733868,104.0
2023-01-14 22:34:25,1.673735665,97.0
2023-01-14 23:04:27,1.673737467,106.0
2023-01-14 23:34:28,1.673739268,81.0
2023-01-15 00:04:24,1.673741064,138.0
2023-01-15 00:34:26,1.673742866,98.0
2023-01-15 01:04:29,1.673744669,149.0
2023-01-15 01:34:27,1.673746467,104.0
2023-01-15 02:04:29,1.673748269,3.0
2023-01-15 02:34:27,1.673750067,115.0
2023-01-15 03:04:28,1.673751868,107.0
2023-01-15 03:34:23,1.673753663,3.0
2023-01-15 04:04:23,1.673755463,97.0
2023-01-15 04:34:23,1.673757263,95.0
2023-01-15 05:04:26,1.673759066,96.0
2023-01-15 05:34:25,1.673760865,93.0
2023-01-15 06:04:23,1.673762663,89.0
2023-01-15 06:34:26,1.673764466,100.0
2023-01-15 07:04:25,1.673766265,95.0
2023-01-15 07:34:27,1.673768067,93.0
2023-01-15 08:04:31,1.673769871,97.0
2023-01-15 08:34:32,1.673771672,97.0
2023-01-15 09:04:31,1.673773471,102.0
2023-01-15 09:34:36,1.673775276,102.0
2023-01-15 10:04:34,1.673777074,108.0
2023-01-15 10:34:37,1.673778877,104.0
2023-01-15 11:04:36,1.673780676,106.0
2023-01-15 11:34:37,1.673782477,105.0
2023-01-15 12:04:38,1.673784278,3.0
2023-01-15 12:34:40,1.67378608,105.0
2023-01-15 13:04:37,1.673787877,102.0
2023-01-15 13:34:41,1.673789681,97.0
2023-01-15 14:04:37,1.673791477,2.0
2023-01-15 14:34:37,1.673793277,3.0
2023-01-15 15:04:38,1.673795078,3.0
2023-01-15 15:34:41,1.673796881,104.0
2023-01-15 16:04:38,1.673798678,98.0
2023-01-15 16:34:38,1.673800478,90.0
2023-01-15 17:04:38,1.673802278,120.0
2023-01-15 17:34:37,1.673804077,3.0
2023-01-15 18:04:40,1.67380588,3.0
2023-01-15 18:34:37,1.673807677,117.0
2023-01-15 19:04:37,1.673809477,3.0
2023-01-15 19:34:36,1.673811276,106.0
2023-01-15 20:04:32,1.673813072,135.0
2023-01-15 20:34:31,1.673814871,3.0
2023-01-15 21:04:33,1.673816673,104.0
2023-01-15 21:34:29,1.673818469,103.0
2023-01-15 22:04:28,1.673820268,97.0
2023-01-15 22:34:28,1.673822068,95.0
2023-01-15 23:04:26,1.673823866,133.0
2023-01-15 23:34:28,1.673825668,115.0
2023-01-16 00:04:25,1.673827465,3.0
2023-01-16 00:34:26,1.673829266,88.0
2023-01-16 01:04:27,1.673831067,2.0
2023-01-16 01:34:27,1.673832867,3.0
2023-01-16 02:04:27,1.673834667,3.0
2023-01-16 02:34:26,1.673836466,2.0
2023-01-16 03:04:25,1.673838265,90.0
2023-01-16 03:34:24,1.673840064,110.0
2023-01-16 04:04:23,1.673841863,2.0
2023-01-16 04:34:26,1.673843666,3.0
2023-01-16 05:04:25,1.673845465,89.0
2023-01-16 05:34:23,1.673847263,3.0
2023-01-16 06:04:22,1.673849062,95.0
2023-01-16 06:34:25,1.673850865,103.0
2023-01-16 07:04:24,1.673852664,100.0
2023-01-16 07:34:26,1.673854466,108.0
2023-01-16 08:04:30,1.67385627,85.0
2023-01-16 08:34:32,1.673858072,3.0
2023-01-16 09:04:31,1.673859871,97.0
2023-01-16 09:34:32,1.673861672,108.0
2023-01-16 10:04:33,1.673863473,104.0
2023-01-16 10:34:37,1.673865277,3.0
2023-01-16 11:04:37,1.673867077,118.0
2023-01-16 11:34:39,1.673868879,103.0
2023-01-16 12:04:41,1.673870681,96.0
2023-01-16 12:34:39,1.673872479,110.0
2023-01-16 13:04:42,1.673874282,103.0
2023-01-16 13:34:39,1.673876079,3.0
2023-01-16 14:04:38,1.673877878,105.0
2023-01-16 14:34:41,1.673879681,3.0
2023-01-16 15:04:40,1.67388148,3.0
2023-01-16 15:34:40,1.67388328,3.0
2023-01-16 16:04:40,1.67388508,96.0
2023-01-16 16:34:39,1.673886879,104.0
2023-01-16 17:04:43,1.673888683,97.0
2023-01-16 17:34:41,1.673890481,3.0
2023-01-16 18:04:39,1.673892279,3.0
2023-01-16 18:34:36,1.673894076,3.0
2023-01-16 19:04:37,1.673895877,3.0
2023-01-16 19:34:36,1.673897676,3.0
2023-01-16 20:04:33,1.673899473,89.0
2023-01-16 20:34:33,1.673901273,3.0
2023-01-16 21:04:30,1.67390307,105.0
2023-01-16 21:34:31,1.673904871,104.0
2023-01-16 22:04:31,1.673906671,106.0
2023-01-16 22:34:26,1.673908466,100.0
2023-01-16 23:04:29,1.673910269,117.0
2023-01-16 23:34:28,1.673912068,3.0
2023-01-17 00:04:26,1.673913866,102.0
2023-01-17 00:34:29,1.673915669,3.0
2023-01-17 01:04:26,1.673917466,100.0
2023-01-17 01:34:28,1.673919268,3.0
2023-01-17 02:04:25,1.673921065,107.0
2023-01-17 02:34:26,1.673922866,110.0
2023-01-17 03:04:26,1.673924666,107.0
2023-01-17 03:34:27,1.673926467,3.0
2023-01-17 04:04:27,1.673928267,120.0
2023-01-17 04:34:27,1.673930067,94.0
2023-01-17 05:04:27,1.673931867,89.0
2023-01-17 05:34:27,1.673933667,198.0
2023-01-17 06:04:23,1.673935463,86.0
2023-01-17 06:34:28,1.673937268,94.0
2023-01-17 07:04:24,1.673939064,96.0
2023-01-17 07:34:28,1.673940868,86.0
2023-01-17 08:04:27,1.673942667,96.0
2023-01-17 08:34:33,1.673944473,95.0
2023-01-17 09:04:32,1.673946272,96.0
2023-01-17 09:34:34,1.673948074,96.0
2023-01-17 10:04:37,1.673949877,3.0
2023-01-17 10:34:38,1.673951678,3.0
2023-01-17 11:04:39,1.673953479,105.0
2023-01-17 11:34:37,1.673955277,103.0
2023-01-17 12:04:40,1.67395708,3.0
2023-01-17 12:34:37,1.673958877,3.0
2023-01-17 13:04:41,1.673960681,105.0
2023-01-17 13:34:40,1.67396248,3.0
2023-01-17 14:04:38,1.673964278,103.0
2023-01-17 14:34:42,1.673966082,3.0
2023-01-17 15:04:41,1.673967881,103.0
2023-01-17 15:34:41,1.673969681,3.0
2023-01-17 16:04:41,1.673971481,102.0
2023-01-17 16:34:42,1.673973282,99.0
2023-01-17 17:04:42,1.673975082,101.0
2023-01-17 17:34:41,1.673976881,4.0
2023-01-17 18:04:40,1.67397868,3.0
2023-01-17 18:34:38,1.673980478,3.0
2023-01-17 19:04:40,1.67398228,3.0
2023-01-17 19:34:36,1.673984076,94.0
2023-01-17 20:04:35,1.673985875,92.0
2023-01-17 20:34:37,1.673987677,92.0
2023-01-17 21:04:31,1.673989471,95.0
2023-01-17 21:34:30,1.67399127,94.0
2023-01-17 22:04:32,1.673993072,78.0
2023-01-17 22:34:29,1.673994869,86.0
2023-01-17 23:04:31,1.673996671,107.0
2023-01-17 23:34:32,1.673998472,106.0
2023-01-18 00:04:28,1.674000268,107.0
2023-01-18 00:34:29,1.674002069,107.0
2023-01-18 01:04:29,1.674003869,107.0
2023-01-18 01:34:30,1.67400567,108.0
2023-01-18 02:04:32,1.674007472,107.0
2023-01-18 02:34:28,1.674009268,105.0
2023-01-18 03:04:30,1.67401107,107.0
2023-01-18 03:34:31,1.674012871,108.0
2023-01-18 04:04:30,1.67401467,94.0
2023-01-18 04:34:28,1.674016468,97.0
2023-01-18 05:04:26,1.674018266,92.0
2023-01-18 05:34:28,1.674020068,92.0
2023-01-18 06:04:26,1.674021866,90.0
2023-01-18 06:34:28,1.674023668,95.0
2023-01-18 07:04:24,1.674025464,100.0
2023-01-18 07:34:24,1.674027264,107.0
2023-01-18 08:04:24,1.674029064,96.0
2023-01-18 08:34:24,1.674030864,93.0
2023-01-18 09:04:25,1.674032665,95.0
2023-01-18 09:34:26,1.674034466,90.0
2023-01-18 10:04:27,1.674036267,91.0
2023-01-18 10:34:29,1.674038069,88.0
2023-01-18 11:04:28,1.674039868,87.0
2023-01-18 11:34:27,1.674041667,96.0
2023-01-18 12:04:31,1.674043471,108.0
2023-01-18 12:34:31,1.674045271,104.0
2023-01-18 13:04:33,1.674047073,111.0
2023-01-18 13:34:31,1.674048871,103.0
2023-01-18 14:04:31,1.674050671,96.0
2023-01-18 14:34:38,1.674052478,95.0
2023-01-18 15:04:34,1.674054274,96.0
2023-01-18 15:34:36,1.674056076,98.0
2023-01-18 16:04:34,1.674057874,94.0
2023-01-18 16:34:37,1.674059677,94.0
2023-01-18 17:04:35,1.674061475,94.0
2023-01-18 17:34:37,1.674063277,99.0
2023-01-18 18:04:36,1.674065076,102.0
2023-01-18 18:34:35,1.674066875,101.0
2023-01-18 19:04:37,1.674068677,95.0
2023-01-18 19:34:34,1.674070474,99.0
2023-01-18 20:04:33,1.674072273,95.0
2023-01-18 20:34:31,1.674074071,95.0
2023-01-18 21:04:31,1.674075871,87.0
2023-01-18 21:34:26,1.674077666,102.0
2023-01-18 22:04:29,1.674079469,100.0
2023-01-18 22:34:27,1.674081267,96.0
2023-01-18 23:04:28,1.674083068,2.0
2023-01-18 23:34:25,1.674084865,3.0
2023-01-19 00:04:27,1.674086667,107.0
2023-01-19 00:34:28,1.674088468,107.0
2023-01-19 01:04:25,1.674090265,105.0
2023-01-19 01:34:25,1.674092065,3.0
2023-01-19 02:04:26,1.674093866,100.0
2023-01-19 02:34:27,1.674095667,103.0
2023-01-19 03:04:28,1.674097468,101.0
2023-01-19 03:34:24,1.674099264,104.0
2023-01-19 04:04:24,1.674101064,108.0
2023-01-19 04:34:25,1.674102865,108.0
2023-01-19 05:04:25,1.674104665,103.0
2023-01-19 05:34:25,1.674106465,105.0
2023-01-19 06:04:25,1.674108265,96.0
2023-01-19 06:34:24,1.674110064,93.0
2023-01-19 07:04:24,1.674111864,105.0
2023-01-19 07:34:26,1.674113666,98.0
2023-01-19 08:04:29,1.674115469,94.0
2023-01-19 08:34:31,1.674117271,95.0
2023-01-19 09:04:35,1.674119075,102.0
2023-01-19 09:34:33,1.674120873,97.0
2023-01-19 10:04:37,1.674122677,94.0
2023-01-19 10:34:37,1.674124477,101.0
2023-01-19 11:04:39,1.674126279,102.0
2023-01-19 11:34:41,1.674128081,107.0
2023-01-19 12:04:40,1.67412988,102.0
2023-01-19 12:34:38,1.674131678,103.0
2023-01-19 13:04:41,1.674133481,103.0
2023-01-19 13:34:40,1.67413528,102.0
2023-01-19 14:04:39,1.674137079,103.0
2023-01-19 14:34:44,1.674138884,104.0
2023-01-19 15:04:39,1.674140679,98.0
2023-01-19 15:34:40,1.67414248,103.0
2023-01-19 16:04:42,1.674144282,101.0
2023-01-19 16:34:43,1.674146083,100.0
2023-01-19 17:04:40,1.67414788,102.0
2023-01-19 17:34:42,1.674149682,103.0
2023-01-19 18:04:44,1.674151484,94.0
2023-01-19 18:34:41,1.674153281,98.0
2023-01-19 19:04:41,1.674155081,98.0
2023-01-19 19:34:40,1.67415688,3.0
2023-01-19 20:04:36,1.674158676,100.0
2023-01-19 20:34:34,1.674160474,94.0
2023-01-19 21:04:35,1.674162275,102.0
2023-01-19 21:34:35,1.674164075,95.0
2023-01-19 22:04:29,1.674165869,100.0
2023-01-19 22:34:33,1.674167673,107.0
2023-01-19 23:04:32,1.674169472,99.0
2023-01-19 23:34:30,1.67417127,107.0
2023-01-20 00:04:32,1.674173072,103.0
2023-01-20 00:34:29,1.674174869,105.0
2023-01-20 01:04:30,1.67417667,108.0
2023-01-20 01:34:31,1.674178471,103.0
2023-01-20 02:04:26,1.674180266,108.0
2023-01-20 02:34:30,1.67418207,106.0
2023-01-20 03:04:29,1.674183869,104.0
2023-01-20 03:34:28,1.674185668,99.0
2023-01-20 04:04:27,1.674187467,95.0
2023-01-20 04:34:30,1.67418927,79.0
2023-01-20 05:04:28,1.674191068,96.0
2023-01-20 05:34:26,1.674192866,93.0
2023-01-20 06:04:29,1.674194669,91.0
2023-01-20 06:34:27,1.674196467,91.0
2023-01-20 07:04:30,1.67419827,92.0
2023-01-20 07:34:30,1.67420007,90.0
2023-01-20 08:04:31,1.674201871,95.0
2023-01-20 08:34:30,1.67420367,98.0
2023-01-20 09:04:35,1.674205475,104.0
2023-01-20 09:34:36,1.674207276,102.0
2023-01-20 10:04:35,1.674209075,105.0
2023-01-20 10:34:39,1.674210879,3.0
2023-01-20 11:04:39,1.674212679,103.0
2023-01-20 11:34:36,1.674214476,104.0
2023-01-20 12:04:39,1.674216279,103.0
2023-01-20 12:34:42,1.674218082,105.0
2023-01-20 13:04:41,1.674219881,104.0
2023-01-20 13:34:41,1.674221681,115.0
2023-01-20 14:04:41,1.674223481,103.0
2023-01-20 14:34:42,1.674225282,103.0
2023-01-20 15:04:44,1.674227084,104.0
2023-01-20 15:34:41,1.674228881,105.0
2023-01-20 16:04:44,1.674230684,104.0
2023-01-20 16:34:42,1.674232482,104.0
2023-01-20 17:04:43,1.674234283,104.0
2023-01-20 17:34:40,1.67423608,104.0
2023-01-20 18:04:39,1.674237879,104.0
2023-01-20 18:34:38,1.674239678,103.0
2023-01-20 19:04:39,1.674241479,101.0
2023-01-20 19:34:35,1.674243275,105.0
2023-01-20 20:04:34,1.674245074,104.0
2023-01-20 20:34:36,1.674246876,104.0
2023-01-20 21:04:30,1.67424867,104.0
2023-01-20 21:34:32,1.674250472,100.0
2023-01-20 22:04:30,1.67425227,106.0
2023-01-20 22:34:30,1.67425407,107.0
2023-01-20 23:04:30,1.67425587,108.0
2023-01-20 23:34:30,1.67425767,106.0
2023-01-21 00:04:29,1.674259469,105.0
2023-01-21 00:34:28,1.674261268,107.0
2023-01-21 01:04:25,1.674263065,102.0
2023-01-21 01:34:28,1.674264868,103.0
2023-01-21 02:04:25,1.674266665,108.0
2023-01-21 02:34:28,1.674268468,3.0
2023-01-21 03:04:25,1.674270265,162.0
2023-01-21 03:34:27,1.674272067,105.0
2023-01-21 04:04:28,1.674273868,110.0
2023-01-21 04:34:24,1.674275664,120.0
2023-01-21 05:04:24,1.674277464,108.0
2023-01-21 05:34:23,1.674279263,104.0
2023-01-21 06:04:23,1.674281063,106.0
2023-01-21 06:34:26,1.674282866,107.0
2023-01-21 07:04:26,1.674284666,108.0
2023-01-21 07:34:25,1.674286465,105.0
2023-01-21 08:04:24,1.674288264,101.0
2023-01-21 08:34:24,1.674290064,94.0
2023-01-21 09:04:23,1.674291863,107.0
2023-01-21 09:34:27,1.674293667,105.0
2023-01-21 10:04:22,1.674295462,104.0
2023-01-21 10:34:27,1.674297267,106.0
2023-01-21 11:04:27,1.674299067,104.0
2023-01-21 11:34:24,1.674300864,108.0
2023-01-21 12:04:26,1.674302666,100.0
2023-01-21 12:34:31,1.674304471,105.0
2023-01-21 13:04:33,1.674306273,104.0
2023-01-21 13:34:30,1.67430807,106.0
2023-01-21 14:04:33,1.674309873,105.0
2023-01-21 14:34:31,1.674311671,105.0
2023-01-21 15:04:31,1.674313471,97.0
2023-01-21 15:34:36,1.674315276,106.0
2023-01-21 16:04:32,1.674317072,104.0
2023-01-21 16:34:33,1.674318873,103.0
2023-01-21 17:04:34,1.674320674,103.0
2023-01-21 17:34:35,1.674322475,101.0
2023-01-21 18:04:36,1.674324276,96.0
2023-01-21 18:34:32,1.674326072,104.0
2023-01-21 19:04:33,1.674327873,101.0
2023-01-21 19:34:32,1.674329672,105.0
2023-01-21 20:04:30,1.67433147,107.0
2023-01-21 20:34:30,1.67433327,107.0
2023-01-21 21:04:29,1.674335069,106.0
2023-01-21 21:34:27,1.674336867,103.0
2023-01-21 22:04:29,1.674338669,106.0
2023-01-21 22:34:26,1.674340466,106.0
2023-01-21 23:04:27,1.674342267,106.0
2023-01-21 23:34:28,1.674344068,107.0
2023-01-22 00:04:24,1.674345864,107.0
2023-01-22 00:34:25,1.674347665,106.0
2023-01-22 01:04:25,1.674349465,107.0
2023-01-22 01:34:26,1.674351266,109.0
2023-01-22 02:04:26,1.674353066,107.0
2023-01-22 02:34:26,1.674354866,111.0
2023-01-22 03:04:26,1.674356666,3.0
2023-01-22 03:34:26,1.674358466,105.0
2023-01-22 04:04:26,1.674360266,106.0
2023-01-22 04:34:26,1.674362066,107.0
2023-01-22 05:04:25,1.674363865,108.0
2023-01-22 05:34:25,1.674365665,106.0
2023-01-22 06:04:25,1.674367465,109.0
2023-01-22 06:34:24,1.674369264,103.0
2023-01-22 07:04:24,1.674371064,103.0
2023-01-22 07:34:26,1.674372866,104.0
2023-01-22 08:04:30,1.67437467,3.0
2023-01-22 08:34:30,1.67437647,110.0
2023-01-22 09:04:32,1.674378272,102.0
2023-01-22 09:34:30,1.67438007,106.0
2023-01-22 10:04:35,1.674381875,104.0
2023-01-22 10:34:35,1.674383675,106.0
2023-01-22 11:04:32,1.674385472,115.0
2023-01-22 11:34:34,1.674387274,105.0
2023-01-22 12:04:37,1.674389077,106.0
2023-01-22 12:34:36,1.674390876,106.0
2023-01-22 13:04:34,1.674392674,106.0
2023-01-22 13:34:37,1.674394477,105.0
2023-01-22 14:04:37,1.674396277,105.0
2023-01-22 14:34:36,1.674398076,105.0
2023-01-22 15:04:37,1.674399877,105.0
2023-01-22 15:34:38,1.674401678,105.0
2023-01-22 16:04:40,1.67440348,104.0
2023-01-22 16:34:36,1.674405276,103.0
2023-01-22 17:04:37,1.674407077,106.0
2023-01-22 17:34:36,1.674408876,102.0
2023-01-22 18:04:34,1.674410674,106.0
2023-01-22 18:34:36,1.674412476,89.0
2023-01-22 19:04:32,1.674414272,107.0
2023-01-22 19:34:32,1.674416072,105.0
2023-01-22 20:04:31,1.674417871,104.0
2023-01-22 20:34:32,1.674419672,105.0
2023-01-22 21:04:26,1.674421466,109.0
2023-01-22 21:34:30,1.67442327,107.0
2023-01-22 22:04:28,1.674425068,105.0
2023-01-22 22:34:25,1.674426865,110.0
2023-01-22 23:04:26,1.674428666,109.0
2023-01-22 23:34:27,1.674430467,108.0
2023-01-23 00:04:27,1.674432267,107.0
2023-01-23 00:34:23,1.674434063,106.0
2023-01-23 01:04:27,1.674435867,107.0
2023-01-23 01:34:22,1.674437662,106.0
2023-01-23 02:04:27,1.674439467,108.0
2023-01-23 02:34:26,1.674441266,109.0
2023-01-23 03:04:26,1.674443066,108.0
2023-01-23 03:34:25,1.674444865,108.0
2023-01-23 04:04:24,1.674446664,107.0
2023-01-23 04:34:22,1.674448462,102.0
2023-01-23 05:04:26,1.674450266,104.0
2023-01-23 05:34:24,1.674452064,106.0
2023-01-23 06:04:22,1.674453862,102.0
2023-01-23 06:34:25,1.674455665,102.0
2023-01-23 07:04:24,1.674457464,102.0
2023-01-23 07:34:24,1.674459264,98.0
2023-01-23 08:04:26,1.674461066,103.0
2023-01-23 08:34:30,1.67446287,106.0
2023-01-23 09:04:31,1.674464671,103.0
2023-01-23 09:34:33,1.674466473,104.0
2023-01-23 10:04:32,1.674468272,103.0
2023-01-23 10:34:33,1.674470073,106.0
2023-01-23 11:04:34,1.674471874,105.0
2023-01-23 11:34:37,1.674473677,105.0
2023-01-23 12:04:36,1.674475476,106.0
2023-01-23 12:34:35,1.674477275,101.0
2023-01-23 13:04:36,1.674479076,105.0
2023-01-23 13:34:36,1.674480876,111.0
2023-01-23 14:04:37,1.674482677,104.0
2023-01-23 14:34:38,1.674484478,111.0
2023-01-23 15:04:40,1.67448628,107.0
2023-01-23 15:34:37,1.674488077,104.0
2023-01-23 16:04:40,1.67448988,102.0
2023-01-23 16:34:38,1.674491678,105.0
2023-01-23 17:04:41,1.674493481,106.0
2023-01-23 17:34:39,1.674495279,104.0
2023-01-23 18:04:42,1.674497082,106.0
2023-01-23 18:34:39,1.674498879,103.0
2023-01-23 19:04:40,1.67450068,105.0
2023-01-23 19:34:35,1.674502475,93.0
2023-01-23 20:04:37,1.674504277,105.0
2023-01-23 20:34:31,1.674506071,99.0
2023-01-23 21:04:32,1.674507872,104.0
2023-01-23 21:34:28,1.674509668,105.0
2023-01-23 22:04:27,1.674511467,106.0
2023-01-23 22:34:26,1.674513266,108.0
2023-01-23 23:04:29,1.674515069,114.0
2023-01-23 23:34:27,1.674516867,109.0
2023-01-24 00:04:28,1.674518668,105.0
2023-01-24 00:34:25,1.674520465,108.0
2023-01-24 01:04:27,1.674522267,113.0
2023-01-24 01:34:27,1.674524067,107.0
2023-01-24 02:04:24,1.674525864,107.0
2023-01-24 02:34:25,1.674527665,3.0
2023-01-24 03:04:27,1.674529467,3.0
2023-01-24 03:34:28,1.674531268,109.0
2023-01-24 04:04:23,1.674533063,110.0
2023-01-24 04:34:24,1.674534864,3.0
2023-01-24 05:04:24,1.674536664,95.0
2023-01-24 05:34:24,1.674538464,94.0
2023-01-24 06:04:23,1.674540263,108.0
2023-01-24 06:34:23,1.674542063,97.0
2023-01-24 07:04:27,1.674543867,100.0
2023-01-24 07:34:28,1.674545668,110.0
2023-01-24 08:04:25,1.674547465,109.0
2023-01-24 08:34:29,1.674549269,107.0
2023-01-24 09:04:30,1.67455107,108.0
2023-01-24 09:34:32,1.674552872,95.0
2023-01-24 10:04:31,1.674554671,103.0
2023-01-24 10:34:32,1.674556472,106.0
2023-01-24 11:04:34,1.674558274,109.0
2023-01-24 11:34:37,1.674560077,105.0
2023-01-24 12:04:37,1.674561877,111.0
2023-01-24 12:34:38,1.674563678,106.0
2023-01-24 13:04:39,1.674565479,105.0
2023-01-24 13:34:37,1.674567277,103.0
2023-01-24 14:04:40,1.67456908,103.0
2023-01-24 14:34:40,1.67457088,104.0
2023-01-24 15:04:40,1.67457268,104.0
2023-01-24 15:34:38,1.674574478,105.0
2023-01-24 16:04:40,1.67457628,106.0
2023-01-24 16:34:30,1.67457807,104.0
2023-01-24 17:04:31,1.674579871,98.0
2023-01-24 17:34:30,1.67458167,107.0
2023-01-24 18:04:27,1.674583467,102.0
2023-01-24 18:34:29,1.674585269,101.0
2023-01-24 19:04:28,1.674587068,107.0
2023-01-24 19:34:27,1.674588867,99.0
2023-01-24 20:04:30,1.67459067,105.0
2023-01-24 20:34:28,1.674592468,104.0
2023-01-24 21:04:25,1.674594265,108.0
2023-01-24 21:34:27,1.674596067,108.0
2023-01-24 22:04:28,1.674597868,108.0
2023-01-24 22:34:25,1.674599665,109.0
2023-01-24 23:04:27,1.674601467,95.0
2023-01-24 23:34:28,1.674603268,108.0
2023-01-25 00:04:25,1.674605065,108.0
2023-01-25 00:34:26,1.674606866,108.0
2023-01-25 01:04:27,1.674608667,106.0
2023-01-25 01:34:27,1.674610467,108.0
2023-01-25 02:04:27,1.674612267,110.0
2023-01-25 02:34:26,1.674614066,107.0
2023-01-25 03:04:25,1.674615865,109.0
2023-01-25 03:34:24,1.674617664,106.0
2023-01-25 04:04:23,1.674619463,108.0
2023-01-25 04:34:27,1.674621267,104.0
2023-01-25 05:04:25,1.674623065,99.0
2023-01-25 05:34:24,1.674624864,101.0
2023-01-25 06:04:23,1.674626663,108.0
2023-01-25 06:34:26,1.674628466,107.0
2023-01-25 07:04:26,1.674630266,106.0
2023-01-25 07:34:27,1.674632067,103.0
2023-01-25 08:04:28,1.674633868,104.0
2023-01-25 08:34:25,1.674635665,108.0
2023-01-25 09:04:27,1.674637467,109.0
2023-01-25 09:34:28,1.674639268,98.0
2023-01-25 10:04:25,1.674641065,83.0
2023-01-25 10:34:27,1.674642867,102.0
2023-01-25 11:04:24,1.674644664,92.0
2023-01-25 11:34:27,1.674646467,104.0
2023-01-25 12:04:30,1.67464827,102.0
2023-01-25 12:34:29,1.674650069,108.0
2023-01-25 13:04:29,1.674651869,106.0
2023-01-25 13:34:27,1.674653667,104.0
2023-01-25 14:04:25,1.674655465,102.0
2023-01-25 14:34:26,1.674657266,91.0
2023-01-25 15:04:27,1.674659067,94.0
